Workbook

Sheet Fig_1A_and_1D
B2: genealogy | D2: Actual ages | G2: digit of 1s column | J2: digit of 10s column | M2: digit of 100s column | R2: https://britroyals.com/royaltree.asp
B3: Parent | C3: Son | D3: Age of father at sons birth | E3: years after sons birth | F3: total age of parent | G3: Age of father at sons birth | H3: years after sons birth | I3: total age of father | J3: Age of father at sons birth | K3: years after sons birth | L3: total age of father | M3: Age of father at sons birth | N3: years after sons birth | O3: total age of father | R3: Name | S3: birth year | T3: death year | U3: parenting age of next person | V3: lifespan | W3: age when descendant born | X3: years remaining
B4: =R4 -> Elizabeth 2 | D4: =W4 -> 22 | E4: =X4 -> 74 | F4: =V4 -> 96 | G4: =MOD(D4, 10) -> 2 | H4: =MOD(E4, 10) -> 4 | I4: =MOD(F4, 10) -> 6 | J4: =MOD(INT(D4/10),10) -> 2 | K4: =MOD(INT(E4/10),10) -> 7 | L4: =MOD(INT(F4/10),10) -> 9 | M4: =MOD(INT(D4/100),10) -> 0 | N4: =MOD(INT(E4/100),10) -> 0 | O4: =MOD(INT(F4/100),10) -> 0 | Q4: 1 | R4: Elizabeth 2 | S4: 1926 | T4: 2022 | U4: 1948 | V4: =T4-S4 -> 96 | W4: =U4-S4 -> 22 | X4: =V4-W4 -> 74
B5: =R5 -> George 6 | D5: =W5 -> 31 | E5: =X5 -> 26 | F5: =V5 -> 57 | G5: =MOD(D5, 10) -> 1 | H5: =MOD(E5, 10) -> 6 | I5: =MOD(F5, 10) -> 7 | J5: =MOD(INT(D5/10),10) -> 3 | K5: =MOD(INT(E5/10),10) -> 2 | L5: =MOD(INT(F5/10),10) -> 5 | M5: =MOD(INT(D5/100),10) -> 0 | N5: =MOD(INT(E5/100),10) -> 0 | O5: =MOD(INT(F5/100),10) -> 0 | Q5: 2 | R5: George 6 | S5: 1895 | T5: 1952 | U5: =S4 -> 1926 | V5: =T5-S5 -> 57 | W5: =U5-S5 -> 31 | X5: =V5-W5 -> 26
B6: =R6 -> George 5 | D6: =W6 -> 30 | E6: =X6 -> 41 | F6: =V6 -> 71 | G6: =MOD(D6, 10) -> 0 | H6: =MOD(E6, 10) -> 1 | I6: =MOD(F6, 10) -> 1 | J6: =MOD(INT(D6/10),10) -> 3 | K6: =MOD(INT(E6/10),10) -> 4 | L6: =MOD(INT(F6/10),10) -> 7 | M6: =MOD(INT(D6/100),10) -> 0 | N6: =MOD(INT(E6/100),10) -> 0 | O6: =MOD(INT(F6/100),10) -> 0 | Q6: 3 | R6: George 5 | S6: 1865 | T6: 1936 | U6: =S5 -> 1895 | V6: =T6-S6 -> 71 | W6: =U6-S6 -> 30 | X6: =V6-W6 -> 41
B7: =R7 -> Edward 7 | D7: =W7 -> 24 | E7: =X7 -> 45 | F7: =V7 -> 69 | G7: =MOD(D7, 10) -> 4 | H7: =MOD(E7, 10) -> 5 | I7: =MOD(F7, 10) -> 9 | J7: =MOD(INT(D7/10),10) -> 2 | K7: =MOD(INT(E7/10),10) -> 4 | L7: =MOD(INT(F7/10),10) -> 6 | M7: =MOD(INT(D7/100),10) -> 0 | N7: =MOD(INT(E7/100),10) -> 0 | O7: =MOD(INT(F7/100),10) -> 0 | Q7: 4 | R7: Edward 7 | S7: 1841 | T7: 1910 | U7: =S6 -> 1865 | V7: =T7-S7 -> 69 | W7: =U7-S7 -> 24 | X7: =V7-W7 -> 45
B8: =R8 -> Victoria | D8: =W8 -> 22 | E8: =X8 -> 60 | F8: =V8 -> 82 | G8: =MOD(D8, 10) -> 2 | H8: =MOD(E8, 10) -> 0 | I8: =MOD(F8, 10) -> 2 | J8: =MOD(INT(D8/10),10) -> 2 | K8: =MOD(INT(E8/10),10) -> 6 | L8: =MOD(INT(F8/10),10) -> 8 | M8: =MOD(INT(D8/100),10) -> 0 | N8: =MOD(INT(E8/100),10) -> 0 | O8: =MOD(INT(F8/100),10) -> 0 | Q8: 5 | R8: Victoria | S8: 1819 | T8: 1901 | U8: =S7 -> 1841 | V8: =T8-S8 -> 82 | W8: =U8-S8 -> 22 | X8: =V8-W8 -> 60
B9: =R9 -> Edward DoK | D9: =W9 -> 52 | E9: =X9 -> 1 | F9: =V9 -> 53 | G9: =MOD(D9, 10) -> 2 | H9: =MOD(E9, 10) -> 1 | I9: =MOD(F9, 10) -> 3 | J9: =MOD(INT(D9/10),10) -> 5 | K9: =MOD(INT(E9/10),10) -> 0 | L9: =MOD(INT(F9/10),10) -> 5 | M9: =MOD(INT(D9/100),10) -> 0 | N9: =MOD(INT(E9/100),10) -> 0 | O9: =MOD(INT(F9/100),10) -> 0 | Q9: 6 | R9: Edward DoK | S9: 1767 | T9: 1820 | U9: =S8 -> 1819 | V9: =T9-S9 -> 53 | W9: =U9-S9 -> 52 | X9: =V9-W9 -> 1
B10: =R10 -> George 3 | D10: =W10 -> 29 | E10: =X10 -> 53 | F10: =V10 -> 82 | G10: =MOD(D10, 10) -> 9 | H10: =MOD(E10, 10) -> 3 | I10: =MOD(F10, 10) -> 2 | J10: =MOD(INT(D10/10),10) -> 2 | K10: =MOD(INT(E10/10),10) -> 5 | L10: =MOD(INT(F10/10),10) -> 8 | M10: =MOD(INT(D10/100),10) -> 0 | N10: =MOD(INT(E10/100),10) -> 0 | O10: =MOD(INT(F10/100),10) -> 0 | Q10: 7 | R10: George 3 | S10: 1738 | T10: 1820 | U10: =S9 -> 1767 | V10: =T10-S10 -> 82 | W10: =U10-S10 -> 29 | X10: =V10-W10 -> 53
B11: =R11 -> Frederick Hano. | D11: =W11 -> 31 | E11: =X11 -> 13 | F11: =V11 -> 44 | G11: =MOD(D11, 10) -> 1 | H11: =MOD(E11, 10) -> 3 | I11: =MOD(F11, 10) -> 4 | J11: =MOD(INT(D11/10),10) -> 3 | K11: =MOD(INT(E11/10),10) -> 1 | L11: =MOD(INT(F11/10),10) -> 4 | M11: =MOD(INT(D11/100),10) -> 0 | N11: =MOD(INT(E11/100),10) -> 0 | O11: =MOD(INT(F11/100),10) -> 0 | Q11: 8 | R11: Frederick Hano. | S11: 1707 | T11: 1751 | U11: =S10 -> 1738 | V11: =T11-S11 -> 44 | W11: =U11-S11 -> 31 | X11: =V11-W11 -> 13
B12: =R12 -> George 2 | D12: =W12 -> 24 | E12: =X12 -> 53 | F12: =V12 -> 77 | G12: =MOD(D12, 10) -> 4 | H12: =MOD(E12, 10) -> 3 | I12: =MOD(F12, 10) -> 7 | J12: =MOD(INT(D12/10),10) -> 2 | K12: =MOD(INT(E12/10),10) -> 5 | L12: =MOD(INT(F12/10),10) -> 7 | M12: =MOD(INT(D12/100),10) -> 0 | N12: =MOD(INT(E12/100),10) -> 0 | O12: =MOD(INT(F12/100),10) -> 0 | Q12: 9 | R12: George 2 | S12: 1683 | T12: 1760 | U12: =S11 -> 1707 | V12: =T12-S12 -> 77 | W12: =U12-S12 -> 24 | X12: =V12-W12 -> 53
B13: =R13 -> George 1 | D13: =W13 -> 23 | E13: =X13 -> 44 | F13: =V13 -> 67 | G13: =MOD(D13, 10) -> 3 | H13: =MOD(E13, 10) -> 4 | I13: =MOD(F13, 10) -> 7 | J13: =MOD(INT(D13/10),10) -> 2 | K13: =MOD(INT(E13/10),10) -> 4 | L13: =MOD(INT(F13/10),10) -> 6 | M13: =MOD(INT(D13/100),10) -> 0 | N13: =MOD(INT(E13/100),10) -> 0 | O13: =MOD(INT(F13/100),10) -> 0 | Q13: 10 | R13: George 1 | S13: 1660 | T13: 1727 | U13: =S12 -> 1683 | V13: =T13-S13 -> 67 | W13: =U13-S13 -> 23 | X13: =V13-W13 -> 44
B14: =R14 -> Sophia Hano. | D14: =W14 -> 30 | E14: =X14 -> 54 | F14: =V14 -> 84 | G14: =MOD(D14, 10) -> 0 | H14: =MOD(E14, 10) -> 4 | I14: =MOD(F14, 10) -> 4 | J14: =MOD(INT(D14/10),10) -> 3 | K14: =MOD(INT(E14/10),10) -> 5 | L14: =MOD(INT(F14/10),10) -> 8 | M14: =MOD(INT(D14/100),10) -> 0 | N14: =MOD(INT(E14/100),10) -> 0 | O14: =MOD(INT(F14/100),10) -> 0 | Q14: 11 | R14: Sophia Hano. | S14: 1630 | T14: 1714 | U14: =S13 -> 1660 | V14: =T14-S14 -> 84 | W14: =U14-S14 -> 30 | X14: =V14-W14 -> 54
B15: =R15 -> Elizabeth Stuart | D15: =W15 -> 34 | E15: =X15 -> 32 | F15: =V15 -> 66 | G15: =MOD(D15, 10) -> 4 | H15: =MOD(E15, 10) -> 2 | I15: =MOD(F15, 10) -> 6 | J15: =MOD(INT(D15/10),10) -> 3 | K15: =MOD(INT(E15/10),10) -> 3 | L15: =MOD(INT(F15/10),10) -> 6 | M15: =MOD(INT(D15/100),10) -> 0 | N15: =MOD(INT(E15/100),10) -> 0 | O15: =MOD(INT(F15/100),10) -> 0 | Q15: 12 | R15: Elizabeth Stuart | S15: 1596 | T15: 1662 | U15: =S14 -> 1630 | V15: =T15-S15 -> 66 | W15: =U15-S15 -> 34 | X15: =V15-W15 -> 32
B16: =R16 -> James 6 Sco. | D16: =W16 -> 30 | E16: =X16 -> 29 | F16: =V16 -> 59 | G16: =MOD(D16, 10) -> 0 | H16: =MOD(E16, 10) -> 9 | I16: =MOD(F16, 10) -> 9 | J16: =MOD(INT(D16/10),10) -> 3 | K16: =MOD(INT(E16/10),10) -> 2 | L16: =MOD(INT(F16/10),10) -> 5 | M16: =MOD(INT(D16/100),10) -> 0 | N16: =MOD(INT(E16/100),10) -> 0 | O16: =MOD(INT(F16/100),10) -> 0 | Q16: 13 | R16: James 6 Sco. | S16: 1566 | T16: 1625 | U16: =S15 -> 1596 | V16: =T16-S16 -> 59 | W16: =U16-S16 -> 30 | X16: =V16-W16 -> 29
... B20: =R20 -> Henry 7 | D20: =W20 -> 32 | E20: =X20 -> 20 | F20: =V20 -> 52 | G20: =MOD(D20, 10) -> 2 | H20: =MOD(E20, 10) -> 0 | I20: =MOD(F20, 10) -> 2 | J20: =MOD(INT(D20/10),10) -> 3 | K20: =MOD(INT(E20/10),10) -> 2 | L20: =MOD(INT(F20/10),10) -> 5 | M20: =MOD(INT(D20/100),10) -> 0 | N20: =MOD(INT(E20/100),10) -> 0 | O20: =MOD(INT(F20/100),10) -> 0 | Q20: 17 | R20: Henry 7 | S20: 1457 | T20: 1509 | U20: =S19 -> 1489 | V20: =T20-S20 -> 52 | W20: =U20-S20 -> 32 | X20: =V20-W20 -> 20
B21: =R21 -> Edmond Tudor | D21: =W21 -> 26 | E21: =X21 -> -1 | F21: =V21 -> 25 | G21: =MOD(D21, 10) -> 6 | I21: =MOD(F21, 10) -> 5 | J21: =MOD(INT(D21/10),10) -> 2 | L21: =MOD(INT(F21/10),10) -> 2 | M21: =MOD(INT(D21/100),10) -> 0 | O21: =MOD(INT(F21/100),10) -> 0 | Q21: 18 | R21: Edmond Tudor | S21: 1431 | T21: 1456 | U21: =S20 -> 1457 | V21: =T21-S21 -> 25 | W21: =U21-S21 -> 26 | X21: =V21-W21 -> -1 | Y21: *father died before he was born
B22: =R22 -> Owen Tudor | D22: =W22 -> 46 | E22: =X22 -> 30 | F22: =V22 -> 76 | G22: =MOD(D22, 10) -> 6 | H22: =MOD(E22, 10) -> 0 | I22: =MOD(F22, 10) -> 6 | J22: =MOD(INT(D22/10),10) -> 4 | K22: =MOD(INT(E22/10),10) -> 3 | L22: =MOD(INT(F22/10),10) -> 7 | M22: =MOD(INT(D22/100),10) -> 0 | N22: =MOD(INT(E22/100),10) -> 0 | O22: =MOD(INT(F22/100),10) -> 0 | Q22: 19 | R22: Owen Tudor | S22: 1385 | T22: 1461 | U22: =S21 -> 1431 | V22: =T22-S22 -> 76 | W22: =U22-S22 -> 46 | X22: =V22-W22 -> 30
C23: total | D23: =SUM(D14:D22) -> 275 | E23: =SUM(E14:E22) -> 214 | F23: =SUM(F14:F22) -> 489
W25: Y_prior_data
S26: All 3 lists combined | AD26: 9 | AF26: factorial | AG26: 1/7 | AH26: 6/7^ | AI26: product
F27: 0 | G27: =COUNTIF(G$4:G$22,$F27) -> 4 | H27: =COUNTIF(H$4:H$22,$F27) -> 4 | I27: =COUNTIF(I$4:I$22,$F27) -> 1 | J27: =COUNTIF(J$4:J$22,$F27) -> 0 | K27: =COUNTIF(K$4:K$22,$F27) -> 2 | L27: =COUNTIF(L$4:L$22,$F27) -> 0 | M27: =COUNTIF(M$4:M$22,$F27) -> 19 | N27: =COUNTIF(N$4:N$22,$F27) -> 18 | O27: =COUNTIF(O$4:O$22,$F27) -> 19 | S27: =G27+Fig_1B_decomp!G27+Fig_1C_decomp!G27 -> 8 | T27: =H27+Fig_1B_decomp!H27+Fig_1C_decomp!H27 -> 11 | U27: =I27+Fig_1B_decomp!I27+Fig_1C_decomp!I27 -> 5 | V27: =J27+Fig_1B_decomp!J27+Fig_1C_decomp!J27 -> 0 | W27: =K27+Fig_1B_decomp!K27+Fig_1C_decomp!K27 -> 8 | X27: =L27+Fig_1B_decomp!L27+Fig_1C_decomp!L27 -> 0 | Y27: =M27+Fig_1B_decomp!M27+Fig_1C_decomp!M27 -> 57 | Z27: =N27+Fig_1B_decomp!N27+Fig_1C_decomp!N27 -> 56 | AA27: =O27+Fig_1B_decomp!O27+Fig_1C_decomp!O27 -> 57 | AE27: 6 | AF27: =(FACT($AD$26)/(FACT(AE27)*FACT($AD$26-AE27))) -> 84 | AG27: =(1/7)^AE27 -> 8.4998598e-06 | AH27: =(6/7)^($AD$26-AE27) -> 0.62973761 | AI27: =AF27*AG27*AH27 -> 0.00044962523
F28: 1 | G28: =COUNTIF(G$4:G$22,$F28) -> 2 | H28: =COUNTIF(H$4:H$22,$F28) -> 3 | I28: =COUNTIF(I$4:I$22,$F28) -> 1 | J28: =COUNTIF(J$4:J$22,$F28) -> 0 | K28: =COUNTIF(K$4:K$22,$F28) -> 1 | L28: =COUNTIF(L$4:L$22,$F28) -> 0 | M28: =COUNTIF(M$4:M$22,$F28) -> 0 | N28: =COUNTIF(N$4:N$22,$F28) -> 0 | O28: =COUNTIF(O$4:O$22,$F28) -> 0 | S28: =G28+Fig_1B_decomp!G28+Fig_1C_decomp!G28 -> 5 | T28: =H28+Fig_1B_decomp!H28+Fig_1C_decomp!H28 -> 6 | U28: =I28+Fig_1B_decomp!I28+Fig_1C_decomp!I28 -> 4 | V28: =J28+Fig_1B_decomp!J28+Fig_1C_decomp!J28 -> 1 | W28: =K28+Fig_1B_decomp!K28+Fig_1C_decomp!K28 -> 9 | X28: =L28+Fig_1B_decomp!L28+Fig_1C_decomp!L28 -> 0 | Y28: =M28+Fig_1B_decomp!M28+Fig_1C_decomp!M28 -> 0 | Z28: =N28+Fig_1B_decomp!N28+Fig_1C_decomp!N28 -> 0 | AA28: =O28+Fig_1B_decomp!O28+Fig_1C_decomp!O28 -> 0 | AE28: 7 | AF28: =(FACT($AD$26)/(FACT(AE28)*FACT($AD$26-AE28))) -> 36 | AG28: =(1/7)^AE28 -> 1.2142657e-06 | AH28: =(6/7)^($AD$26-AE28) -> 0.73469388 | AI28: =AF28*AG28*AH28 -> 3.2116088e-05
F29: 2 | G29: =COUNTIF(G$4:G$22,$F29) -> 4 | H29: =COUNTIF(H$4:H$22,$F29) -> 1 | I29: =COUNTIF(I$4:I$22,$F29) -> 4 | J29: =COUNTIF(J$4:J$22,$F29) -> 9 | K29: =COUNTIF(K$4:K$22,$F29) -> 5 | L29: =COUNTIF(L$4:L$22,$F29) -> 1 | M29: =COUNTIF(M$4:M$22,$F29) -> 0 | N29: =COUNTIF(N$4:N$22,$F29) -> 0 | O29: =COUNTIF(O$4:O$22,$F29) -> 0 | S29: =G29+Fig_1B_decomp!G29+Fig_1C_decomp!G29 -> 11 | T29: =H29+Fig_1B_decomp!H29+Fig_1C_decomp!H29 -> 3 | U29: =I29+Fig_1B_decomp!I29+Fig_1C_decomp!I29 -> 8 | V29: =J29+Fig_1B_decomp!J29+Fig_1C_decomp!J29 -> 29 | W29: =K29+Fig_1B_decomp!K29+Fig_1C_decomp!K29 -> 18 | X29: =L29+Fig_1B_decomp!L29+Fig_1C_decomp!L29 -> 2 | Y29: =M29+Fig_1B_decomp!M29+Fig_1C_decomp!M29 -> 0 | Z29: =N29+Fig_1B_decomp!N29+Fig_1C_decomp!N29 -> 0 | AA29: =O29+Fig_1B_decomp!O29+Fig_1C_decomp!O29 -> 0 | AE29: 8 | AF29: =(FACT($AD$26)/(FACT(AE29)*FACT($AD$26-AE29))) -> 9 | AG29: =(1/7)^AE29 -> 1.7346653e-07 | AH29: =(6/7)^($AD$26-AE29) -> 0.85714286 | AI29: =AF29*AG29*AH29 -> 1.3381703e-06
F30: 3 | G30: =COUNTIF(G$4:G$22,$F30) -> 2 | H30: =COUNTIF(H$4:H$22,$F30) -> 3 | I30: =COUNTIF(I$4:I$22,$F30) -> 1 | J30: =COUNTIF(J$4:J$22,$F30) -> 8 | K30: =COUNTIF(K$4:K$22,$F30) -> 2 | L30: =COUNTIF(L$4:L$22,$F30) -> 1 | M30: =COUNTIF(M$4:M$22,$F30) -> 0 | N30: =COUNTIF(N$4:N$22,$F30) -> 0 | O30: =COUNTIF(O$4:O$22,$F30) -> 0 | S30: =G30+Fig_1B_decomp!G30+Fig_1C_decomp!G30 -> 5 | T30: =H30+Fig_1B_decomp!H30+Fig_1C_decomp!H30 -> 6 | U30: =I30+Fig_1B_decomp!I30+Fig_1C_decomp!I30 -> 3 | V30: =J30+Fig_1B_decomp!J30+Fig_1C_decomp!J30 -> 18 | W30: =K30+Fig_1B_decomp!K30+Fig_1C_decomp!K30 -> 7 | X30: =L30+Fig_1B_decomp!L30+Fig_1C_decomp!L30 -> 6 | Y30: =M30+Fig_1B_decomp!M30+Fig_1C_decomp!M30 -> 0 | Z30: =N30+Fig_1B_decomp!N30+Fig_1C_decomp!N30 -> 0 | AA30: =O30+Fig_1B_decomp!O30+Fig_1C_decomp!O30 -> 0 | AE30: 9 | AF30: =(FACT($AD$26)/(FACT(AE30)*FACT($AD$26-AE30))) -> 1 | AG30: =(1/7)^AE30 -> 2.4780932e-08 | AH30: =(6/7)^($AD$26-AE30) -> 1 | AI30: =AF30*AG30*AH30 -> 2.4780932e-08
F31: 4 | G31: =COUNTIF(G$4:G$22,$F31) -> 4 | H31: =COUNTIF(H$4:H$22,$F31) -> 3 | I31: =COUNTIF(I$4:I$22,$F31) -> 2 | J31: =COUNTIF(J$4:J$22,$F31) -> 1 | K31: =COUNTIF(K$4:K$22,$F31) -> 3 | L31: =COUNTIF(L$4:L$22,$F31) -> 2 | M31: =COUNTIF(M$4:M$22,$F31) -> 0 | N31: =COUNTIF(N$4:N$22,$F31) -> 0 | O31: =COUNTIF(O$4:O$22,$F31) -> 0 | S31: =G31+Fig_1B_decomp!G31+Fig_1C_decomp!G31 -> 6 | T31: =H31+Fig_1B_decomp!H31+Fig_1C_decomp!H31 -> 5 | U31: =I31+Fig_1B_decomp!I31+Fig_1C_decomp!I31 -> 6 | V31: =J31+Fig_1B_decomp!J31+Fig_1C_decomp!J31 -> 6 | W31: =K31+Fig_1B_decomp!K31+Fig_1C_decomp!K31 -> 7 | X31: =L31+Fig_1B_decomp!L31+Fig_1C_decomp!L31 -> 13 | Y31: =M31+Fig_1B_decomp!M31+Fig_1C_decomp!M31 -> 0 | Z31: =N31+Fig_1B_decomp!N31+Fig_1C_decomp!N31 -> 0 | AA31: =O31+Fig_1B_decomp!O31+Fig_1C_decomp!O31 -> 0 | AH31: final product | AI31: =SUM(AI27:AI30) -> 0.00048310427
F32: 5 | G32: =COUNTIF(G$4:G$22,$F32) -> 0 | H32: =COUNTIF(H$4:H$22,$F32) -> 1 | I32: =COUNTIF(I$4:I$22,$F32) -> 2 | J32: =COUNTIF(J$4:J$22,$F32) -> 1 | K32: =COUNTIF(K$4:K$22,$F32) -> 3 | L32: =COUNTIF(L$4:L$22,$F32) -> 5 | M32: =COUNTIF(M$4:M$22,$F32) -> 0 | N32: =COUNTIF(N$4:N$22,$F32) -> 0 | O32: =COUNTIF(O$4:O$22,$F32) -> 0 | S32: =G32+Fig_1B_decomp!G32+Fig_1C_decomp!G32 -> 4 | T32: =H32+Fig_1B_decomp!H32+Fig_1C_decomp!H32 -> 4 | U32: =I32+Fig_1B_decomp!I32+Fig_1C_decomp!I32 -> 5 | V32: =J32+Fig_1B_decomp!J32+Fig_1C_decomp!J32 -> 3 | W32: =K32+Fig_1B_decomp!K32+Fig_1C_decomp!K32 -> 5 | X32: =L32+Fig_1B_decomp!L32+Fig_1C_decomp!L32 -> 10 | Y32: =M32+Fig_1B_decomp!M32+Fig_1C_decomp!M32 -> 0 | Z32: =N32+Fig_1B_decomp!N32+Fig_1C_decomp!N32 -> 0 | AA32: =O32+Fig_1B_decomp!O32+Fig_1C_decomp!O32 -> 0 | AH32: 1 in N chance | AI32: =1/AI31 -> 2069.9465
F33: 6 | G33: =COUNTIF(G$4:G$22,$F33) -> 2 | H33: =COUNTIF(H$4:H$22,$F33) -> 1 | I33: =COUNTIF(I$4:I$22,$F33) -> 3 | J33: =COUNTIF(J$4:J$22,$F33) -> 0 | K33: =COUNTIF(K$4:K$22,$F33) -> 1 | L33: =COUNTIF(L$4:L$22,$F33) -> 3 | M33: =COUNTIF(M$4:M$22,$F33) -> 0 | N33: =COUNTIF(N$4:N$22,$F33) -> 0 | O33: =COUNTIF(O$4:O$22,$F33) -> 0 | S33: =G33+Fig_1B_decomp!G33+Fig_1C_decomp!G33 -> 3 | T33: =H33+Fig_1B_decomp!H33+Fig_1C_decomp!H33 -> 6 | U33: =I33+Fig_1B_decomp!I33+Fig_1C_decomp!I33 -> 8 | V33: =J33+Fig_1B_decomp!J33+Fig_1C_decomp!J33 -> 0 | W33: =K33+Fig_1B_decomp!K33+Fig_1C_decomp!K33 -> 1 | X33: =L33+Fig_1B_decomp!L33+Fig_1C_decomp!L33 -> 12 | Y33: =M33+Fig_1B_decomp!M33+Fig_1C_decomp!M33 -> 0 | Z33: =N33+Fig_1B_decomp!N33+Fig_1C_decomp!N33 -> 0 | AA33: =O33+Fig_1B_decomp!O33+Fig_1C_decomp!O33 -> 0
F34: 7 | G34: =COUNTIF(G$4:G$22,$F34) -> 0 | H34: =COUNTIF(H$4:H$22,$F34) -> 0 | I34: =COUNTIF(I$4:I$22,$F34) -> 3 | J34: =COUNTIF(J$4:J$22,$F34) -> 0 | K34: =COUNTIF(K$4:K$22,$F34) -> 1 | L34: =COUNTIF(L$4:L$22,$F34) -> 3 | M34: =COUNTIF(M$4:M$22,$F34) -> 0 | N34: =COUNTIF(N$4:N$22,$F34) -> 0 | O34: =COUNTIF(O$4:O$22,$F34) -> 0 | S34: =G34+Fig_1B_decomp!G34+Fig_1C_decomp!G34 -> 5 | T34: =H34+Fig_1B_decomp!H34+Fig_1C_decomp!H34 -> 6 | U34: =I34+Fig_1B_decomp!I34+Fig_1C_decomp!I34 -> 6 | V34: =J34+Fig_1B_decomp!J34+Fig_1C_decomp!J34 -> 0 | W34: =K34+Fig_1B_decomp!K34+Fig_1C_decomp!K34 -> 1 | X34: =L34+Fig_1B_decomp!L34+Fig_1C_decomp!L34 -> 7 | Y34: =M34+Fig_1B_decomp!M34+Fig_1C_decomp!M34 -> 0 | Z34: =N34+Fig_1B_decomp!N34+Fig_1C_decomp!N34 -> 0 | AA34: =O34+Fig_1B_decomp!O34+Fig_1C_decomp!O34 -> 0
F35: 8 | G35: =COUNTIF(G$4:G$22,$F35) -> 0 | H35: =COUNTIF(H$4:H$22,$F35) -> 0 | I35: =COUNTIF(I$4:I$22,$F35) -> 0 | J35: =COUNTIF(J$4:J$22,$F35) -> 0 | K35: =COUNTIF(K$4:K$22,$F35) -> 0 | L35: =COUNTIF(L$4:L$22,$F35) -> 3 | M35: =COUNTIF(M$4:M$22,$F35) -> 0 | N35: =COUNTIF(N$4:N$22,$F35) -> 0 | O35: =COUNTIF(O$4:O$22,$F35) -> 0 | S35: =G35+Fig_1B_decomp!G35+Fig_1C_decomp!G35 -> 2 | T35: =H35+Fig_1B_decomp!H35+Fig_1C_decomp!H35 -> 3 | U35: =I35+Fig_1B_decomp!I35+Fig_1C_decomp!I35 -> 4 | V35: =J35+Fig_1B_decomp!J35+Fig_1C_decomp!J35 -> 0 | W35: =K35+Fig_1B_decomp!K35+Fig_1C_decomp!K35 -> 0 | X35: =L35+Fig_1B_decomp!L35+Fig_1C_decomp!L35 -> 6 | Y35: =M35+Fig_1B_decomp!M35+Fig_1C_decomp!M35 -> 0 | Z35: =N35+Fig_1B_decomp!N35+Fig_1C_decomp!N35 -> 0 | AA35: =O35+Fig_1B_decomp!O35+Fig_1C_decomp!O35 -> 0
F36: 9 | G36: =COUNTIF(G$4:G$22,$F36) -> 1 | H36: =COUNTIF(H$4:H$22,$F36) -> 2 | I36: =COUNTIF(I$4:I$22,$F36) -> 2 | J36: =COUNTIF(J$4:J$22,$F36) -> 0 | K36: =COUNTIF(K$4:K$22,$F36) -> 0 | L36: =COUNTIF(L$4:L$22,$F36) -> 1 | M36: =COUNTIF(M$4:M$22,$F36) -> 0 | N36: =COUNTIF(N$4:N$22,$F36) -> 0 | O36: =COUNTIF(O$4:O$22,$F36) -> 0 | S36: =G36+Fig_1B_decomp!G36+Fig_1C_decomp!G36 -> 8 | T36: =H36+Fig_1B_decomp!H36+Fig_1C_decomp!H36 -> 6 | U36: =I36+Fig_1B_decomp!I36+Fig_1C_decomp!I36 -> 8 | V36: =J36+Fig_1B_decomp!J36+Fig_1C_decomp!J36 -> 0 | W36: =K36+Fig_1B_decomp!K36+Fig_1C_decomp!K36 -> 0 | X36: =L36+Fig_1B_decomp!L36+Fig_1C_decomp!L36 -> 1 | Y36: =M36+Fig_1B_decomp!M36+Fig_1C_decomp!M36 -> 0 | Z36: =N36+Fig_1B_decomp!N36+Fig_1C_decomp!N36 -> 0 | AA36: =O36+Fig_1B_decomp!O36+Fig_1C_decomp!O36 -> 0
W37: =SUM(W27:W36) -> 56

Sheet Fig_1B_decomp
B2: genealogy | D2: Actual ages | G2: digit of 1s column | J2: digit of 10s column | M2: digit of 100s column | S2: https://en.wikipedia.org/wiki/Family_tree_of_French_monarchs
B3: Father | C3: Son | D3: Age of father at sons birth | E3: years after sons birth | F3: total age of father | G3: Age of father at sons birth | H3: years after sons birth | I3: total age of father | J3: Age of father at sons birth | K3: years after sons birth | L3: total age of father | M3: Age of father at sons birth | N3: years after sons birth | O3: total age of father | R3: Name | S3: birth year | T3: death year | U3: parenting age of next person | V3: lifespan | W3: age when descendant born | X3: years remaining
B4: =R4 -> Louis Philippe 1 | D4: =W4 -> 37 | E4: =X4 -> 40 | F4: =V4 -> 77 | G4: =MOD(D4, 10) -> 7 | H4: =MOD(E4, 10) -> 0 | I4: =MOD(F4, 10) -> 7 | J4: =MOD(INT(D4/10),10) -> 3 | K4: =MOD(INT(E4/10),10) -> 4 | L4: =MOD(INT(F4/10),10) -> 7 | M4: =MOD(INT(D4/100),10) -> 0 | N4: =MOD(INT(E4/100),10) -> 0 | O4: =MOD(INT(F4/100),10) -> 0 | Q4: 1 | R4: Louis Philippe 1 | S4: 1773 | T4: 1850 | U4: 1810 | V4: =T4-S4 -> 77 | W4: =U4-S4 -> 37 | X4: =V4-W4 -> 40
B5: =R5 -> Louis Philippe 2 | D5: =W5 -> 26 | E5: =X5 -> 20 | F5: =V5 -> 46 | G5: =MOD(D5, 10) -> 6 | H5: =MOD(E5, 10) -> 0 | I5: =MOD(F5, 10) -> 6 | J5: =MOD(INT(D5/10),10) -> 2 | K5: =MOD(INT(E5/10),10) -> 2 | L5: =MOD(INT(F5/10),10) -> 4 | M5: =MOD(INT(D5/100),10) -> 0 | N5: =MOD(INT(E5/100),10) -> 0 | O5: =MOD(INT(F5/100),10) -> 0 | Q5: 2 | R5: Louis Philippe 2 | S5: 1747 | T5: 1793 | U5: =S4 -> 1773 | V5: =T5-S5 -> 46 | W5: =U5-S5 -> 26 | X5: =V5-W5 -> 20
B6: =R6 -> Louis Philippe 1 | D6: =W6 -> 22 | E6: =X6 -> 38 | F6: =V6 -> 60 | G6: =MOD(D6, 10) -> 2 | H6: =MOD(E6, 10) -> 8 | I6: =MOD(F6, 10) -> 0 | J6: =MOD(INT(D6/10),10) -> 2 | K6: =MOD(INT(E6/10),10) -> 3 | L6: =MOD(INT(F6/10),10) -> 6 | M6: =MOD(INT(D6/100),10) -> 0 | N6: =MOD(INT(E6/100),10) -> 0 | O6: =MOD(INT(F6/100),10) -> 0 | Q6: 3 | R6: Louis Philippe 1 | S6: 1725 | T6: 1785 | U6: =S5 -> 1747 | V6: =T6-S6 -> 60 | W6: =U6-S6 -> 22 | X6: =V6-W6 -> 38
B7: =R7 -> Louis | D7: =W7 -> 22 | E7: =X7 -> 27 | F7: =V7 -> 49 | G7: =MOD(D7, 10) -> 2 | H7: =MOD(E7, 10) -> 7 | I7: =MOD(F7, 10) -> 9 | J7: =MOD(INT(D7/10),10) -> 2 | K7: =MOD(INT(E7/10),10) -> 2 | L7: =MOD(INT(F7/10),10) -> 4 | M7: =MOD(INT(D7/100),10) -> 0 | N7: =MOD(INT(E7/100),10) -> 0 | O7: =MOD(INT(F7/100),10) -> 0 | Q7: 4 | R7: Louis | S7: 1703 | T7: 1752 | U7: =S6 -> 1725 | V7: =T7-S7 -> 49 | W7: =U7-S7 -> 22 | X7: =V7-W7 -> 27
B8: =R8 -> Philippe 2 | D8: =W8 -> 29 | E8: =X8 -> 20 | F8: =V8 -> 49 | G8: =MOD(D8, 10) -> 9 | H8: =MOD(E8, 10) -> 0 | I8: =MOD(F8, 10) -> 9 | J8: =MOD(INT(D8/10),10) -> 2 | K8: =MOD(INT(E8/10),10) -> 2 | L8: =MOD(INT(F8/10),10) -> 4 | M8: =MOD(INT(D8/100),10) -> 0 | N8: =MOD(INT(E8/100),10) -> 0 | O8: =MOD(INT(F8/100),10) -> 0 | Q8: 5 | R8: Philippe 2 | S8: 1674 | T8: 1723 | U8: =S7 -> 1703 | V8: =T8-S8 -> 49 | W8: =U8-S8 -> 29 | X8: =V8-W8 -> 20
B9: =R9 -> Philippe 1 | D9: =W9 -> 34 | E9: =X9 -> 27 | F9: =V9 -> 61 | G9: =MOD(D9, 10) -> 4 | H9: =MOD(E9, 10) -> 7 | I9: =MOD(F9, 10) -> 1 | J9: =MOD(INT(D9/10),10) -> 3 | K9: =MOD(INT(E9/10),10) -> 2 | L9: =MOD(INT(F9/10),10) -> 6 | M9: =MOD(INT(D9/100),10) -> 0 | N9: =MOD(INT(E9/100),10) -> 0 | O9: =MOD(INT(F9/100),10) -> 0 | Q9: 6 | R9: Philippe 1 | S9: 1640 | T9: 1701 | U9: =S8 -> 1674 | V9: =T9-S9 -> 61 | W9: =U9-S9 -> 34 | X9: =V9-W9 -> 27
B10: =R10 -> Louis 8 | D10: =W10 -> 30 | E10: =X10 -> 3 | F10: =V10 -> 33 | G10: =MOD(D10, 10) -> 0 | H10: =MOD(E10, 10) -> 3 | I10: =MOD(F10, 10) -> 3 | J10: =MOD(INT(D10/10),10) -> 3 | K10: =MOD(INT(E10/10),10) -> 0 | L10: =MOD(INT(F10/10),10) -> 3 | M10: =MOD(INT(D10/100),10) -> 0 | N10: =MOD(INT(E10/100),10) -> 0 | O10: =MOD(INT(F10/100),10) -> 0 | Q10: 7 | R10: Louis 8 | S10: 1610 | T10: 1643 | U10: =S9 -> 1640 | V10: =T10-S10 -> 33 | W10: =U10-S10 -> 30 | X10: =V10-W10 -> 3
B11: =R11 -> Henry 4 | D11: =W11 -> 57 | E11: =X11 -> 0 | F11: =V11 -> 57 | G11: =MOD(D11, 10) -> 7 | H11: =MOD(E11, 10) -> 0 | I11: =MOD(F11, 10) -> 7 | J11: =MOD(INT(D11/10),10) -> 5 | K11: =MOD(INT(E11/10),10) -> 0 | L11: =MOD(INT(F11/10),10) -> 5 | M11: =MOD(INT(D11/100),10) -> 0 | N11: =MOD(INT(E11/100),10) -> 0 | O11: =MOD(INT(F11/100),10) -> 0 | Q11: 8 | R11: Henry 4 | S11: 1553 | T11: 1610 | U11: =S10 -> 1610 | V11: =T11-S11 -> 57 | W11: =U11-S11 -> 57 | X11: =V11-W11 -> 0
B12: =R12 -> Antoine | D12: =W12 -> 35 | E12: =X12 -> 9 | F12: =V12 -> 44 | G12: =MOD(D12, 10) -> 5 | H12: =MOD(E12, 10) -> 9 | I12: =MOD(F12, 10) -> 4 | J12: =MOD(INT(D12/10),10) -> 3 | K12: =MOD(INT(E12/10),10) -> 0 | L12: =MOD(INT(F12/10),10) -> 4 | M12: =MOD(INT(D12/100),10) -> 0 | N12: =MOD(INT(E12/100),10) -> 0 | O12: =MOD(INT(F12/100),10) -> 0 | Q12: 9 | R12: Antoine | S12: 1518 | T12: 1562 | U12: =S11 -> 1553 | V12: =T12-S12 -> 44 | W12: =U12-S12 -> 35 | X12: =V12-W12 -> 9
B13: =R13 -> Charles | D13: =W13 -> 29 | E13: =X13 -> 19 | F13: =V13 -> 48 | G13: =MOD(D13, 10) -> 9 | H13: =MOD(E13, 10) -> 9 | I13: =MOD(F13, 10) -> 8 | J13: =MOD(INT(D13/10),10) -> 2 | K13: =MOD(INT(E13/10),10) -> 1 | L13: =MOD(INT(F13/10),10) -> 4 | M13: =MOD(INT(D13/100),10) -> 0 | N13: =MOD(INT(E13/100),10) -> 0 | O13: =MOD(INT(F13/100),10) -> 0 | Q13: 10 | R13: Charles | S13: 1489 | T13: 1537 | U13: =S12 -> 1518 | V13: =T13-S13 -> 48 | W13: =U13-S13 -> 29 | X13: =V13-W13 -> 19
B14: =R14 -> Francis | D14: =W14 -> 19 | E14: =X14 -> 6 | F14: =V14 -> 25 | G14: =MOD(D14, 10) -> 9 | H14: =MOD(E14, 10) -> 6 | I14: =MOD(F14, 10) -> 5 | J14: =MOD(INT(D14/10),10) -> 1 | K14: =MOD(INT(E14/10),10) -> 0 | L14: =MOD(INT(F14/10),10) -> 2 | M14: =MOD(INT(D14/100),10) -> 0 | N14: =MOD(INT(E14/100),10) -> 0 | O14: =MOD(INT(F14/100),10) -> 0 | Q14: 11 | R14: Francis | S14: 1470 | T14: 1495 | U14: =S13 -> 1489 | V14: =T14-S14 -> 25 | W14: =U14-S14 -> 19 | X14: =V14-W14 -> 6
B15: =R15 -> John 8 | D15: =W15 -> 45 | E15: =X15 -> 7 | F15: =V15 -> 52 | G15: =MOD(D15, 10) -> 5 | H15: =MOD(E15, 10) -> 7 | I15: =MOD(F15, 10) -> 2 | J15: =MOD(INT(D15/10),10) -> 4 | K15: =MOD(INT(E15/10),10) -> 0 | L15: =MOD(INT(F15/10),10) -> 5 | M15: =MOD(INT(D15/100),10) -> 0 | N15: =MOD(INT(E15/100),10) -> 0 | O15: =MOD(INT(F15/100),10) -> 0 | Q15: 12 | R15: John 8 | S15: 1425 | T15: 1477 | U15: =S14 -> 1470 | V15: =T15-S15 -> 52 | W15: =U15-S15 -> 45 | X15: =V15-W15 -> 7
B16: =R16 -> Louis | D16: =W16 -> 49 | E16: =X16 -> 21 | F16: =V16 -> 70 | G16: =MOD(D16, 10) -> 9 | H16: =MOD(E16, 10) -> 1 | I16: =MOD(F16, 10) -> 0 | J16: =MOD(INT(D16/10),10) -> 4 | K16: =MOD(INT(E16/10),10) -> 2 | L16: =MOD(INT(F16/10),10) -> 7 | M16: =MOD(INT(D16/100),10) -> 0 | N16: =MOD(INT(E16/100),10) -> 0 | O16: =MOD(INT(F16/100),10) -> 0 | Q16: 13 | R16: Louis | S16: 1376 | T16: 1446 | U16: =S15 -> 1425 | V16: =T16-S16 -> 70 | W16: =U16-S16 -> 49 | X16: =V16-W16 -> 21
... B22: =R22 -> Louis 8 | D22: =W22 -> 27 | E22: =X22 -> 12 | F22: =V22 -> 39 | G22: =MOD(D22, 10) -> 7 | H22: =MOD(E22, 10) -> 2 | I22: =MOD(F22, 10) -> 9 | J22: =MOD(INT(D22/10),10) -> 2 | K22: =MOD(INT(E22/10),10) -> 1 | L22: =MOD(INT(F22/10),10) -> 3 | M22: =MOD(INT(D22/100),10) -> 0 | N22: =MOD(INT(E22/100),10) -> 0 | O22: =MOD(INT(F22/100),10) -> 0 | Q22: 19 | R22: Louis 8 | S22: 1187 | T22: 1226 | U22: =S21 -> 1214 | V22: =T22-S22 -> 39 | W22: =U22-S22 -> 27 | X22: =V22-W22 -> 12
C23: total | D23: =SUM(D14:D22) -> 302 | E23: =SUM(E14:E22) -> 155 | F23: =SUM(F14:F22) -> 457
F27: 0 | G27: =COUNTIF(G$4:G$22,$F27) -> 2 | H27: =COUNTIF(H$4:H$22,$F27) -> 4 | I27: =COUNTIF(I$4:I$22,$F27) -> 2 | J27: =COUNTIF(J$4:J$22,$F27) -> 0 | K27: =COUNTIF(K$4:K$22,$F27) -> 5 | L27: =COUNTIF(L$4:L$22,$F27) -> 0 | M27: =COUNTIF(M$4:M$22,$F27) -> 19 | N27: =COUNTIF(N$4:N$22,$F27) -> 19 | O27: =COUNTIF(O$4:O$22,$F27) -> 19
F28: 1 | G28: =COUNTIF(G$4:G$22,$F28) -> 0 | H28: =COUNTIF(H$4:H$22,$F28) -> 1 | I28: =COUNTIF(I$4:I$22,$F28) -> 2 | J28: =COUNTIF(J$4:J$22,$F28) -> 1 | K28: =COUNTIF(K$4:K$22,$F28) -> 5 | L28: =COUNTIF(L$4:L$22,$F28) -> 0 | M28: =COUNTIF(M$4:M$22,$F28) -> 0 | N28: =COUNTIF(N$4:N$22,$F28) -> 0 | O28: =COUNTIF(O$4:O$22,$F28) -> 0
F29: 2 | G29: =COUNTIF(G$4:G$22,$F29) -> 4 | H29: =COUNTIF(H$4:H$22,$F29) -> 2 | I29: =COUNTIF(I$4:I$22,$F29) -> 2 | J29: =COUNTIF(J$4:J$22,$F29) -> 8 | K29: =COUNTIF(K$4:K$22,$F29) -> 6 | L29: =COUNTIF(L$4:L$22,$F29) -> 1 | M29: =COUNTIF(M$4:M$22,$F29) -> 0 | N29: =COUNTIF(N$4:N$22,$F29) -> 0 | O29: =COUNTIF(O$4:O$22,$F29) -> 0
F30: 3 | G30: =COUNTIF(G$4:G$22,$F30) -> 1 | H30: =COUNTIF(H$4:H$22,$F30) -> 1 | I30: =COUNTIF(I$4:I$22,$F30) -> 2 | J30: =COUNTIF(J$4:J$22,$F30) -> 5 | K30: =COUNTIF(K$4:K$22,$F30) -> 2 | L30: =COUNTIF(L$4:L$22,$F30) -> 2 | M30: =COUNTIF(M$4:M$22,$F30) -> 0 | N30: =COUNTIF(N$4:N$22,$F30) -> 0 | O30: =COUNTIF(O$4:O$22,$F30) -> 0
F31: 4 | G31: =COUNTIF(G$4:G$22,$F31) -> 1 | H31: =COUNTIF(H$4:H$22,$F31) -> 1 | I31: =COUNTIF(I$4:I$22,$F31) -> 1 | J31: =COUNTIF(J$4:J$22,$F31) -> 4 | K31: =COUNTIF(K$4:K$22,$F31) -> 1 | L31: =COUNTIF(L$4:L$22,$F31) -> 7 | M31: =COUNTIF(M$4:M$22,$F31) -> 0 | N31: =COUNTIF(N$4:N$22,$F31) -> 0 | O31: =COUNTIF(O$4:O$22,$F31) -> 0
F32: 5 | G32: =COUNTIF(G$4:G$22,$F32) -> 3 | H32: =COUNTIF(H$4:H$22,$F32) -> 0 | I32: =COUNTIF(I$4:I$22,$F32) -> 1 | J32: =COUNTIF(J$4:J$22,$F32) -> 1 | K32: =COUNTIF(K$4:K$22,$F32) -> 0 | L32: =COUNTIF(L$4:L$22,$F32) -> 3 | M32: =COUNTIF(M$4:M$22,$F32) -> 0 | N32: =COUNTIF(N$4:N$22,$F32) -> 0 | O32: =COUNTIF(O$4:O$22,$F32) -> 0
F33: 6 | G33: =COUNTIF(G$4:G$22,$F33) -> 1 | H33: =COUNTIF(H$4:H$22,$F33) -> 1 | I33: =COUNTIF(I$4:I$22,$F33) -> 2 | J33: =COUNTIF(J$4:J$22,$F33) -> 0 | K33: =COUNTIF(K$4:K$22,$F33) -> 0 | L33: =COUNTIF(L$4:L$22,$F33) -> 4 | M33: =COUNTIF(M$4:M$22,$F33) -> 0 | N33: =COUNTIF(N$4:N$22,$F33) -> 0 | O33: =COUNTIF(O$4:O$22,$F33) -> 0
F34: 7 | G34: =COUNTIF(G$4:G$22,$F34) -> 3 | H34: =COUNTIF(H$4:H$22,$F34) -> 4 | I34: =COUNTIF(I$4:I$22,$F34) -> 2 | J34: =COUNTIF(J$4:J$22,$F34) -> 0 | K34: =COUNTIF(K$4:K$22,$F34) -> 0 | L34: =COUNTIF(L$4:L$22,$F34) -> 2 | M34: =COUNTIF(M$4:M$22,$F34) -> 0 | N34: =COUNTIF(N$4:N$22,$F34) -> 0 | O34: =COUNTIF(O$4:O$22,$F34) -> 0
F35: 8 | G35: =COUNTIF(G$4:G$22,$F35) -> 0 | H35: =COUNTIF(H$4:H$22,$F35) -> 3 | I35: =COUNTIF(I$4:I$22,$F35) -> 1 | J35: =COUNTIF(J$4:J$22,$F35) -> 0 | K35: =COUNTIF(K$4:K$22,$F35) -> 0 | L35: =COUNTIF(L$4:L$22,$F35) -> 0 | M35: =COUNTIF(M$4:M$22,$F35) -> 0 | N35: =COUNTIF(N$4:N$22,$F35) -> 0 | O35: =COUNTIF(O$4:O$22,$F35) -> 0
F36: 9 | G36: =COUNTIF(G$4:G$22,$F36) -> 4 | H36: =COUNTIF(H$4:H$22,$F36) -> 2 | I36: =COUNTIF(I$4:I$22,$F36) -> 4 | J36: =COUNTIF(J$4:J$22,$F36) -> 0 | K36: =COUNTIF(K$4:K$22,$F36) -> 0 | L36: =COUNTIF(L$4:L$22,$F36) -> 0 | M36: =COUNTIF(M$4:M$22,$F36) -> 0 | N36: =COUNTIF(N$4:N$22,$F36) -> 0 | O36: =COUNTIF(O$4:O$22,$F36) -> 0

Sheet Fig_1C_decomp
B2: genealogy | D2: Actual ages | G2: digit of 1s column | J2: digit of 10s column | M2: digit of 100s column | R2: https://en.wikipedia.org/wiki/Family_tree_of_Japanese_monarchs
B3: Father | C3: Son | D3: Age of father at sons birth | E3: years after sons birth | F3: total age of father | G3: Age of father at sons birth | H3: years after sons birth | I3: total age of father | J3: Age of father at sons birth | K3: years after sons birth | L3: total age of father | M3: Age of father at sons birth | N3: years after sons birth | O3: total age of father | R3: Name | S3: birth year | T3: death year | U3: parenting age of next person | V3: lifespan | W3: age when descendant born | X3: years remaining
B4: =R4 -> Hirohito | D4: =W4 -> 32 | E4: =X4 -> 56 | F4: =V4 -> 88 | G4: =MOD(D4, 10) -> 2 | H4: =MOD(E4, 10) -> 6 | I4: =MOD(F4, 10) -> 8 | J4: =MOD(INT(D4/10),10) -> 3 | K4: =MOD(INT(E4/10),10) -> 5 | L4: =MOD(INT(F4/10),10) -> 8 | M4: =MOD(INT(D4/100),10) -> 0 | N4: =MOD(INT(E4/100),10) -> 0 | O4: =MOD(INT(F4/100),10) -> 0 | Q4: 1 | R4: Hirohito | S4: 1901 | T4: 1989 | U4: 1933 | V4: =T4-S4 -> 88 | W4: =U4-S4 -> 32 | X4: =V4-W4 -> 56
B5: =R5 -> Yoshihito | D5: =W5 -> 22 | E5: =X5 -> 25 | F5: =V5 -> 47 | G5: =MOD(D5, 10) -> 2 | H5: =MOD(E5, 10) -> 5 | I5: =MOD(F5, 10) -> 7 | J5: =MOD(INT(D5/10),10) -> 2 | K5: =MOD(INT(E5/10),10) -> 2 | L5: =MOD(INT(F5/10),10) -> 4 | M5: =MOD(INT(D5/100),10) -> 0 | N5: =MOD(INT(E5/100),10) -> 0 | O5: =MOD(INT(F5/100),10) -> 0 | Q5: 2 | R5: Yoshihito | S5: 1879 | T5: 1926 | U5: =S4 -> 1901 | V5: =T5-S5 -> 47 | W5: =U5-S5 -> 22 | X5: =V5-W5 -> 25
B6: =R6 -> Mutsuhito | D6: =W6 -> 27 | E6: =X6 -> 33 | F6: =V6 -> 60 | G6: =MOD(D6, 10) -> 7 | H6: =MOD(E6, 10) -> 3 | I6: =MOD(F6, 10) -> 0 | J6: =MOD(INT(D6/10),10) -> 2 | K6: =MOD(INT(E6/10),10) -> 3 | L6: =MOD(INT(F6/10),10) -> 6 | M6: =MOD(INT(D6/100),10) -> 0 | N6: =MOD(INT(E6/100),10) -> 0 | O6: =MOD(INT(F6/100),10) -> 0 | Q6: 3 | R6: Mutsuhito | S6: 1852 | T6: 1912 | U6: =S5 -> 1879 | V6: =T6-S6 -> 60 | W6: =U6-S6 -> 27 | X6: =V6-W6 -> 33
B7: =R7 -> Osahito | D7: =W7 -> 21 | E7: =X7 -> 15 | F7: =V7 -> 36 | G7: =MOD(D7, 10) -> 1 | H7: =MOD(E7, 10) -> 5 | I7: =MOD(F7, 10) -> 6 | J7: =MOD(INT(D7/10),10) -> 2 | K7: =MOD(INT(E7/10),10) -> 1 | L7: =MOD(INT(F7/10),10) -> 3 | M7: =MOD(INT(D7/100),10) -> 0 | N7: =MOD(INT(E7/100),10) -> 0 | O7: =MOD(INT(F7/100),10) -> 0 | Q7: 4 | R7: Osahito | S7: 1831 | T7: 1867 | U7: =S6 -> 1852 | V7: =T7-S7 -> 36 | W7: =U7-S7 -> 21 | X7: =V7-W7 -> 15
B8: =R8 -> Ayahito | D8: =W8 -> 31 | E8: =X8 -> 15 | F8: =V8 -> 46 | G8: =MOD(D8, 10) -> 1 | H8: =MOD(E8, 10) -> 5 | I8: =MOD(F8, 10) -> 6 | J8: =MOD(INT(D8/10),10) -> 3 | K8: =MOD(INT(E8/10),10) -> 1 | L8: =MOD(INT(F8/10),10) -> 4 | M8: =MOD(INT(D8/100),10) -> 0 | N8: =MOD(INT(E8/100),10) -> 0 | O8: =MOD(INT(F8/100),10) -> 0 | Q8: 5 | R8: Ayahito | S8: 1800 | T8: 1846 | U8: =S7 -> 1831 | V8: =T8-S8 -> 46 | W8: =U8-S8 -> 31 | X8: =V8-W8 -> 15
B9: =R9 -> Morohito | D9: =W9 -> 29 | E9: =X9 -> 40 | F9: =V9 -> 69 | G9: =MOD(D9, 10) -> 9 | H9: =MOD(E9, 10) -> 0 | I9: =MOD(F9, 10) -> 9 | J9: =MOD(INT(D9/10),10) -> 2 | K9: =MOD(INT(E9/10),10) -> 4 | L9: =MOD(INT(F9/10),10) -> 6 | M9: =MOD(INT(D9/100),10) -> 0 | N9: =MOD(INT(E9/100),10) -> 0 | O9: =MOD(INT(F9/100),10) -> 0 | Q9: 6 | R9: Morohito | S9: 1771 | T9: 1840 | U9: =S8 -> 1800 | V9: =T9-S9 -> 69 | W9: =U9-S9 -> 29 | X9: =V9-W9 -> 40
B10: =R10 -> Sukehito shinnō | D10: =W10 -> 38 | E10: =X10 -> 23 | F10: =V10 -> 61 | G10: =MOD(D10, 10) -> 8 | H10: =MOD(E10, 10) -> 3 | I10: =MOD(F10, 10) -> 1 | J10: =MOD(INT(D10/10),10) -> 3 | K10: =MOD(INT(E10/10),10) -> 2 | L10: =MOD(INT(F10/10),10) -> 6 | M10: =MOD(INT(D10/100),10) -> 0 | N10: =MOD(INT(E10/100),10) -> 0 | O10: =MOD(INT(F10/100),10) -> 0 | Q10: 7 | R10: Sukehito shinnō | S10: 1733 | T10: 1794 | U10: =S9 -> 1771 | V10: =T10-S10 -> 61 | W10: =U10-S10 -> 38 | X10: =V10-W10 -> 23
B11: =R11 -> Naohito shinnō | D11: =W11 -> 29 | E11: =X11 -> 20 | F11: =V11 -> 49 | G11: =MOD(D11, 10) -> 9 | H11: =MOD(E11, 10) -> 0 | I11: =MOD(F11, 10) -> 9 | J11: =MOD(INT(D11/10),10) -> 2 | K11: =MOD(INT(E11/10),10) -> 2 | L11: =MOD(INT(F11/10),10) -> 4 | M11: =MOD(INT(D11/100),10) -> 0 | N11: =MOD(INT(E11/100),10) -> 0 | O11: =MOD(INT(F11/100),10) -> 0 | Q11: 8 | R11: Naohito shinnō | S11: 1704 | T11: 1753 | U11: =S10 -> 1733 | V11: =T11-S11 -> 49 | W11: =U11-S11 -> 29 | X11: =V11-W11 -> 20
B12: =R12 -> Asahito | D12: =W12 -> 29 | E12: =X12 -> 6 | F12: =V12 -> 35 | G12: =MOD(D12, 10) -> 9 | H12: =MOD(E12, 10) -> 6 | I12: =MOD(F12, 10) -> 5 | J12: =MOD(INT(D12/10),10) -> 2 | K12: =MOD(INT(E12/10),10) -> 0 | L12: =MOD(INT(F12/10),10) -> 3 | M12: =MOD(INT(D12/100),10) -> 0 | N12: =MOD(INT(E12/100),10) -> 0 | O12: =MOD(INT(F12/100),10) -> 0 | Q12: 9 | R12: Asahito | S12: 1675 | T12: 1710 | U12: =S11 -> 1704 | V12: =T12-S12 -> 35 | W12: =U12-S12 -> 29 | X12: =V12-W12 -> 6
B13: =R13 -> Satohito | D13: =W13 -> 21 | E13: =X13 -> 57 | F13: =V13 -> 78 | G13: =MOD(D13, 10) -> 1 | H13: =MOD(E13, 10) -> 7 | I13: =MOD(F13, 10) -> 8 | J13: =MOD(INT(D13/10),10) -> 2 | K13: =MOD(INT(E13/10),10) -> 5 | L13: =MOD(INT(F13/10),10) -> 7 | M13: =MOD(INT(D13/100),10) -> 0 | N13: =MOD(INT(E13/100),10) -> 0 | O13: =MOD(INT(F13/100),10) -> 0 | Q13: 10 | R13: Satohito | S13: 1654 | T13: 1732 | U13: =S12 -> 1675 | V13: =T13-S13 -> 78 | W13: =U13-S13 -> 21 | X13: =V13-W13 -> 57
B14: =R14 -> Kokohito | D14: =W14 -> 58 | E14: =X14 -> 26 | F14: =V14 -> 84 | G14: =MOD(D14, 10) -> 8 | H14: =MOD(E14, 10) -> 6 | I14: =MOD(F14, 10) -> 4 | J14: =MOD(INT(D14/10),10) -> 5 | K14: =MOD(INT(E14/10),10) -> 2 | L14: =MOD(INT(F14/10),10) -> 8 | M14: =MOD(INT(D14/100),10) -> 0 | N14: =MOD(INT(E14/100),10) -> 0 | O14: =MOD(INT(F14/100),10) -> 0 | Q14: 11 | R14: Kokohito | S14: 1596 | T14: 1680 | U14: =S13 -> 1654 | V14: =T14-S14 -> 84 | W14: =U14-S14 -> 58 | X14: =V14-W14 -> 26
B15: =R15 -> Kazuhito | D15: =W15 -> 24 | E15: =X15 -> 21 | F15: =V15 -> 45 | G15: =MOD(D15, 10) -> 4 | H15: =MOD(E15, 10) -> 1 | I15: =MOD(F15, 10) -> 5 | J15: =MOD(INT(D15/10),10) -> 2 | K15: =MOD(INT(E15/10),10) -> 2 | L15: =MOD(INT(F15/10),10) -> 4 | M15: =MOD(INT(D15/100),10) -> 0 | N15: =MOD(INT(E15/100),10) -> 0 | O15: =MOD(INT(F15/100),10) -> 0 | Q15: 12 | R15: Kazuhito | S15: 1572 | T15: 1617 | U15: =S14 -> 1596 | V15: =T15-S15 -> 45 | W15: =U15-S15 -> 24 | X15: =V15-W15 -> 21
B16: =R16 -> Prince Masahito | D16: =W16 -> 20 | E16: =X16 -> 14 | F16: =V16 -> 34 | G16: =MOD(D16, 10) -> 0 | H16: =MOD(E16, 10) -> 4 | I16: =MOD(F16, 10) -> 4 | J16: =MOD(INT(D16/10),10) -> 2 | K16: =MOD(INT(E16/10),10) -> 1 | L16: =MOD(INT(F16/10),10) -> 3 | M16: =MOD(INT(D16/100),10) -> 0 | N16: =MOD(INT(E16/100),10) -> 0 | O16: =MOD(INT(F16/100),10) -> 0 | Q16: 13 | R16: Prince Masahito | S16: 1552 | T16: 1586 | U16: =S15 -> 1572 | V16: =T16-S16 -> 34 | W16: =U16-S16 -> 20 | X16: =V16-W16 -> 14
... B22: =R22 -> Sadafusa shinnō | D22: =W22 -> 47 | E22: =X22 -> 37 | F22: =V22 -> 84 | G22: =MOD(D22, 10) -> 7 | H22: =MOD(E22, 10) -> 7 | I22: =MOD(F22, 10) -> 4 | J22: =MOD(INT(D22/10),10) -> 4 | K22: =MOD(INT(E22/10),10) -> 3 | L22: =MOD(INT(F22/10),10) -> 8 | M22: =MOD(INT(D22/100),10) -> 0 | N22: =MOD(INT(E22/100),10) -> 0 | O22: =MOD(INT(F22/100),10) -> 0 | Q22: 19 | R22: Sadafusa shinnō | S22: 1372 | T22: 1456 | U22: =S21 -> 1419 | V22: =T22-S22 -> 84 | W22: =U22-S22 -> 47 | X22: =V22-W22 -> 37
C23: total | D23: =SUM(D14:D22) -> 282 | E23: =SUM(E14:E22) -> 273 | F23: =SUM(F14:F22) -> 555
H26: calc | K26: calc | N26: calc
F27: 0 | G27: =COUNTIF(G$4:G$22,$F27) -> 2 | H27: =COUNTIF(H$4:H$22,$F27) -> 3 | I27: =COUNTIF(I$4:I$22,$F27) -> 2 | J27: =COUNTIF(J$4:J$22,$F27) -> 0 | K27: =COUNTIF(K$4:K$22,$F27) -> 1 | L27: =COUNTIF(L$4:L$22,$F27) -> 0 | M27: =COUNTIF(M$4:M$22,$F27) -> 19 | N27: =COUNTIF(N$4:N$22,$F27) -> 19 | O27: =COUNTIF(O$4:O$22,$F27) -> 19
F28: 1 | G28: =COUNTIF(G$4:G$22,$F28) -> 3 | H28: =COUNTIF(H$4:H$22,$F28) -> 2 | I28: =COUNTIF(I$4:I$22,$F28) -> 1 | J28: =COUNTIF(J$4:J$22,$F28) -> 0 | K28: =COUNTIF(K$4:K$22,$F28) -> 3 | L28: =COUNTIF(L$4:L$22,$F28) -> 0 | M28: =COUNTIF(M$4:M$22,$F28) -> 0 | N28: =COUNTIF(N$4:N$22,$F28) -> 0 | O28: =COUNTIF(O$4:O$22,$F28) -> 0
F29: 2 | G29: =COUNTIF(G$4:G$22,$F29) -> 3 | H29: =COUNTIF(H$4:H$22,$F29) -> 0 | I29: =COUNTIF(I$4:I$22,$F29) -> 2 | J29: =COUNTIF(J$4:J$22,$F29) -> 12 | K29: =COUNTIF(K$4:K$22,$F29) -> 7 | L29: =COUNTIF(L$4:L$22,$F29) -> 0 | M29: =COUNTIF(M$4:M$22,$F29) -> 0 | N29: =COUNTIF(N$4:N$22,$F29) -> 0 | O29: =COUNTIF(O$4:O$22,$F29) -> 0
F30: 3 | G30: =COUNTIF(G$4:G$22,$F30) -> 2 | H30: =COUNTIF(H$4:H$22,$F30) -> 2 | I30: =COUNTIF(I$4:I$22,$F30) -> 0 | J30: =COUNTIF(J$4:J$22,$F30) -> 5 | K30: =COUNTIF(K$4:K$22,$F30) -> 3 | L30: =COUNTIF(L$4:L$22,$F30) -> 3 | M30: =COUNTIF(M$4:M$22,$F30) -> 0 | N30: =COUNTIF(N$4:N$22,$F30) -> 0 | O30: =COUNTIF(O$4:O$22,$F30) -> 0
F31: 4 | G31: =COUNTIF(G$4:G$22,$F31) -> 1 | H31: =COUNTIF(H$4:H$22,$F31) -> 1 | I31: =COUNTIF(I$4:I$22,$F31) -> 3 | J31: =COUNTIF(J$4:J$22,$F31) -> 1 | K31: =COUNTIF(K$4:K$22,$F31) -> 3 | L31: =COUNTIF(L$4:L$22,$F31) -> 4 | M31: =COUNTIF(M$4:M$22,$F31) -> 0 | N31: =COUNTIF(N$4:N$22,$F31) -> 0 | O31: =COUNTIF(O$4:O$22,$F31) -> 0
F32: 5 | G32: =COUNTIF(G$4:G$22,$F32) -> 1 | H32: =COUNTIF(H$4:H$22,$F32) -> 3 | I32: =COUNTIF(I$4:I$22,$F32) -> 2 | J32: =COUNTIF(J$4:J$22,$F32) -> 1 | K32: =COUNTIF(K$4:K$22,$F32) -> 2 | L32: =COUNTIF(L$4:L$22,$F32) -> 2 | M32: =COUNTIF(M$4:M$22,$F32) -> 0 | N32: =COUNTIF(N$4:N$22,$F32) -> 0 | O32: =COUNTIF(O$4:O$22,$F32) -> 0
F33: 6 | G33: =COUNTIF(G$4:G$22,$F33) -> 0 | H33: =COUNTIF(H$4:H$22,$F33) -> 4 | I33: =COUNTIF(I$4:I$22,$F33) -> 3 | J33: =COUNTIF(J$4:J$22,$F33) -> 0 | K33: =COUNTIF(K$4:K$22,$F33) -> 0 | L33: =COUNTIF(L$4:L$22,$F33) -> 5 | M33: =COUNTIF(M$4:M$22,$F33) -> 0 | N33: =COUNTIF(N$4:N$22,$F33) -> 0 | O33: =COUNTIF(O$4:O$22,$F33) -> 0
F34: 7 | G34: =COUNTIF(G$4:G$22,$F34) -> 2 | H34: =COUNTIF(H$4:H$22,$F34) -> 2 | I34: =COUNTIF(I$4:I$22,$F34) -> 1 | J34: =COUNTIF(J$4:J$22,$F34) -> 0 | K34: =COUNTIF(K$4:K$22,$F34) -> 0 | L34: =COUNTIF(L$4:L$22,$F34) -> 2 | M34: =COUNTIF(M$4:M$22,$F34) -> 0 | N34: =COUNTIF(N$4:N$22,$F34) -> 0 | O34: =COUNTIF(O$4:O$22,$F34) -> 0
F35: 8 | G35: =COUNTIF(G$4:G$22,$F35) -> 2 | H35: =COUNTIF(H$4:H$22,$F35) -> 0 | I35: =COUNTIF(I$4:I$22,$F35) -> 3 | J35: =COUNTIF(J$4:J$22,$F35) -> 0 | K35: =COUNTIF(K$4:K$22,$F35) -> 0 | L35: =COUNTIF(L$4:L$22,$F35) -> 3 | M35: =COUNTIF(M$4:M$22,$F35) -> 0 | N35: =COUNTIF(N$4:N$22,$F35) -> 0 | O35: =COUNTIF(O$4:O$22,$F35) -> 0
F36: 9 | G36: =COUNTIF(G$4:G$22,$F36) -> 3 | H36: =COUNTIF(H$4:H$22,$F36) -> 2 | I36: =COUNTIF(I$4:I$22,$F36) -> 2 | J36: =COUNTIF(J$4:J$22,$F36) -> 0 | K36: =COUNTIF(K$4:K$22,$F36) -> 0 | L36: =COUNTIF(L$4:L$22,$F36) -> 0 | M36: =COUNTIF(M$4:M$22,$F36) -> 0 | N36: =COUNTIF(N$4:N$22,$F36) -> 0 | O36: =COUNTIF(O$4:O$22,$F36) -> 0

Sheet Fig_2A_decomp
B2: genealogy | D2: Actual ages | G2: digit of 1s column | J2: digit of 10s column | M2: digit of 100s column
B3: Father | C3: Son | D3: Age of father at sons birth | E3: years after sons birth | F3: total age of father | G3: Age of father at sons birth | H3: years after sons birth | I3: total age of father | J3: Age of father at sons birth | K3: years after sons birth | L3: total age of father | M3: Age of father at sons birth | N3: years after sons birth | O3: total age of father
B4: Adam | C4: Seth | D4: 130 | E4: 800 | F4: 930 | G4: =MOD(D4, 10) -> 0 | H4: =MOD(E4, 10) -> 0 | I4: =MOD(F4, 10) -> 0 | J4: =MOD(INT(D4/10),10) -> 3 | K4: =MOD(INT(E4/10),10) -> 0 | L4: =MOD(INT(F4/10),10) -> 3 | M4: =MOD(INT(D4/100),10) -> 1 | N4: =MOD(INT(E4/100),10) -> 8 | O4: =MOD(INT(F4/100),10) -> 9
B5: Seth | C5: Enosh | D5: 105 | E5: 807 | F5: 912 | G5: =MOD(D5, 10) -> 5 | H5: =MOD(E5, 10) -> 7 | I5: =MOD(F5, 10) -> 2 | J5: =MOD(INT(D5/10),10) -> 0 | K5: =MOD(INT(E5/10),10) -> 0 | L5: =MOD(INT(F5/10),10) -> 1 | M5: =MOD(INT(D5/100),10) -> 1 | N5: =MOD(INT(E5/100),10) -> 8 | O5: =MOD(INT(F5/100),10) -> 9
B6: Enosh | C6: Kenan | D6: 90 | E6: 815 | F6: 905 | G6: =MOD(D6, 10) -> 0 | H6: =MOD(E6, 10) -> 5 | I6: =MOD(F6, 10) -> 5 | J6: =MOD(INT(D6/10),10) -> 9 | K6: =MOD(INT(E6/10),10) -> 1 | L6: =MOD(INT(F6/10),10) -> 0 | M6: =MOD(INT(D6/100),10) -> 0 | N6: =MOD(INT(E6/100),10) -> 8 | O6: =MOD(INT(F6/100),10) -> 9
B7: Kenan | C7: Mahalalel | D7: 70 | E7: 840 | F7: 910 | G7: =MOD(D7, 10) -> 0 | H7: =MOD(E7, 10) -> 0 | I7: =MOD(F7, 10) -> 0 | J7: =MOD(INT(D7/10),10) -> 7 | K7: =MOD(INT(E7/10),10) -> 4 | L7: =MOD(INT(F7/10),10) -> 1 | M7: =MOD(INT(D7/100),10) -> 0 | N7: =MOD(INT(E7/100),10) -> 8 | O7: =MOD(INT(F7/100),10) -> 9
B8: Mahalalel | C8: Jared | D8: 65 | E8: 830 | F8: 895 | G8: =MOD(D8, 10) -> 5 | H8: =MOD(E8, 10) -> 0 | I8: =MOD(F8, 10) -> 5 | J8: =MOD(INT(D8/10),10) -> 6 | K8: =MOD(INT(E8/10),10) -> 3 | L8: =MOD(INT(F8/10),10) -> 9 | M8: =MOD(INT(D8/100),10) -> 0 | N8: =MOD(INT(E8/100),10) -> 8 | O8: =MOD(INT(F8/100),10) -> 8
B9: Jared | C9: Enoch | D9: 162 | E9: 800 | F9: 962 | G9: =MOD(D9, 10) -> 2 | H9: =MOD(E9, 10) -> 0 | I9: =MOD(F9, 10) -> 2 | J9: =MOD(INT(D9/10),10) -> 6 | K9: =MOD(INT(E9/10),10) -> 0 | L9: =MOD(INT(F9/10),10) -> 6 | M9: =MOD(INT(D9/100),10) -> 1 | N9: =MOD(INT(E9/100),10) -> 8 | O9: =MOD(INT(F9/100),10) -> 9
B10: Enoch | C10: Methuselah | D10: 65 | E10: 300 | F10: 365 | G10: =MOD(D10, 10) -> 5 | H10: =MOD(E10, 10) -> 0 | I10: =MOD(F10, 10) -> 5 | J10: =MOD(INT(D10/10),10) -> 6 | K10: =MOD(INT(E10/10),10) -> 0 | L10: =MOD(INT(F10/10),10) -> 6 | M10: =MOD(INT(D10/100),10) -> 0 | N10: =MOD(INT(E10/100),10) -> 3 | O10: =MOD(INT(F10/100),10) -> 3
B11: Methuselah | C11: Lamech | D11: 187 | E11: 782 | F11: 969 | G11: =MOD(D11, 10) -> 7 | H11: =MOD(E11, 10) -> 2 | I11: =MOD(F11, 10) -> 9 | J11: =MOD(INT(D11/10),10) -> 8 | K11: =MOD(INT(E11/10),10) -> 8 | L11: =MOD(INT(F11/10),10) -> 6 | M11: =MOD(INT(D11/100),10) -> 1 | N11: =MOD(INT(E11/100),10) -> 7 | O11: =MOD(INT(F11/100),10) -> 9
B12: Lamech | C12: Noah | D12: 182 | E12: 595 | F12: 777 | G12: =MOD(D12, 10) -> 2 | H12: =MOD(E12, 10) -> 5 | I12: =MOD(F12, 10) -> 7 | J12: =MOD(INT(D12/10),10) -> 8 | K12: =MOD(INT(E12/10),10) -> 9 | L12: =MOD(INT(F12/10),10) -> 7 | M12: =MOD(INT(D12/100),10) -> 1 | N12: =MOD(INT(E12/100),10) -> 5 | O12: =MOD(INT(F12/100),10) -> 7
B13: Noah | C13: Shem | D13: 500 | E13: 450 | F13: 950 | G13: =MOD(D13, 10) -> 0 | H13: =MOD(E13, 10) -> 0 | I13: =MOD(F13, 10) -> 0 | J13: =MOD(INT(D13/10),10) -> 0 | K13: =MOD(INT(E13/10),10) -> 5 | L13: =MOD(INT(F13/10),10) -> 5 | M13: =MOD(INT(D13/100),10) -> 5 | N13: =MOD(INT(E13/100),10) -> 4 | O13: =MOD(INT(F13/100),10) -> 9
C14: total | D14: =SUM(D4:D13) -> 1556 | E14: =SUM(E4:E13) -> 7019 | F14: =SUM(F4:F13) -> 8575
G15: excluding calculated values
B16: Adam | C16: Seth | D16: 130 | E16: 800 | F16: 930 | G16: =MOD(D16, 10) -> 0 | H16: =MOD(E16, 10) -> 0 | I16: =MOD(F16, 10) -> 0 | J16: =MOD(INT(D16/10),10) -> 3 | K16: =MOD(INT(E16/10),10) -> 0 | L16: =MOD(INT(F16/10),10) -> 3 | M16: =MOD(INT(D16/100),10) -> 1 | N16: =MOD(INT(E16/100),10) -> 8 | O16: =MOD(INT(F16/100),10) -> 9
B17: Seth | C17: Enosh | D17: 105 | E17: 807 | F17: 912 | G17: =MOD(D17, 10) -> 5 | H17: =MOD(E17, 10) -> 7 | I17: =MOD(F17, 10) -> 2 | J17: =MOD(INT(D17/10),10) -> 0 | K17: =MOD(INT(E17/10),10) -> 0 | L17: =MOD(INT(F17/10),10) -> 1 | M17: =MOD(INT(D17/100),10) -> 1 | N17: =MOD(INT(E17/100),10) -> 8 | O17: =MOD(INT(F17/100),10) -> 9
B18: Enosh | C18: Kenan | D18: 90 | E18: 815 | F18: 905 | G18: =MOD(D18, 10) -> 0 | H18: =MOD(E18, 10) -> 5 | I18: =MOD(F18, 10) -> 5 | J18: =MOD(INT(D18/10),10) -> 9 | K18: =MOD(INT(E18/10),10) -> 1 | L18: =MOD(INT(F18/10),10) -> 0 | M18: =MOD(INT(D18/100),10) -> 0 | N18: =MOD(INT(E18/100),10) -> 8 | O18: =MOD(INT(F18/100),10) -> 9
B19: Kenan | C19: Mahalalel | D19: 70 | E19: 840 | F19: 910 | G19: =MOD(D19, 10) -> 0 | H19: =MOD(E19, 10) -> 0 | I19: =MOD(F19, 10) -> 0 | J19: =MOD(INT(D19/10),10) -> 7 | K19: =MOD(INT(E19/10),10) -> 4 | L19: =MOD(INT(F19/10),10) -> 1 | M19: =MOD(INT(D19/100),10) -> 0 | N19: =MOD(INT(E19/100),10) -> 8 | O19: =MOD(INT(F19/100),10) -> 9
B20: Mahalalel | C20: Jared | D20: 65 | E20: 830 | F20: 895 | G20: =MOD(D20, 10) -> 5 | H20: =MOD(E20, 10) -> 0 | I20: =MOD(F20, 10) -> 5 | J20: =MOD(INT(D20/10),10) -> 6 | K20: =MOD(INT(E20/10),10) -> 3 | L20: =MOD(INT(F20/10),10) -> 9 | M20: =MOD(INT(D20/100),10) -> 0 | N20: =MOD(INT(E20/100),10) -> 8 | O20: =MOD(INT(F20/100),10) -> 8
B21: Jared | C21: Enoch | D21: 162 | E21: 800 | F21: 962 | G21: =MOD(D21, 10) -> 2 | H21: =MOD(E21, 10) -> 0 | I21: =MOD(F21, 10) -> 2 | J21: =MOD(INT(D21/10),10) -> 6 | K21: =MOD(INT(E21/10),10) -> 0 | L21: =MOD(INT(F21/10),10) -> 6 | M21: =MOD(INT(D21/100),10) -> 1 | N21: =MOD(INT(E21/100),10) -> 8 | O21: =MOD(INT(F21/100),10) -> 9
B22: Enoch | C22: Methuselah | D22: 65 | E22: 300 | F22: 365 | G22: =MOD(D22, 10) -> 5 | H22: =MOD(E22, 10) -> 0 | I22: =MOD(F22, 10) -> 5 | J22: =MOD(INT(D22/10),10) -> 6 | K22: =MOD(INT(E22/10),10) -> 0 | L22: =MOD(INT(F22/10),10) -> 6 | M22: =MOD(INT(D22/100),10) -> 0 | N22: =MOD(INT(E22/100),10) -> 3 | O22: =MOD(INT(F22/100),10) -> 3
B23: Methuselah | C23: Lamech | D23: 187 | E23: 782 | F23: 969 | G23: =MOD(D23, 10) -> 7 | H23: =MOD(E23, 10) -> 2 | I23: =MOD(F23, 10) -> 9 | J23: =MOD(INT(D23/10),10) -> 8 | K23: =MOD(INT(E23/10),10) -> 8 | L23: =MOD(INT(F23/10),10) -> 6 | M23: =MOD(INT(D23/100),10) -> 1 | N23: =MOD(INT(E23/100),10) -> 7 | O23: =MOD(INT(F23/100),10) -> 9
B24: Lamech | C24: Noah | D24: 182 | E24: 595 | F24: 777 | G24: =MOD(D24, 10) -> 2 | H24: =MOD(E24, 10) -> 5 | I24: =MOD(F24, 10) -> 7 | J24: =MOD(INT(D24/10),10) -> 8 | K24: =MOD(INT(E24/10),10) -> 9 | L24: =MOD(INT(F24/10),10) -> 7 | M24: =MOD(INT(D24/100),10) -> 1 | N24: =MOD(INT(E24/100),10) -> 5 | O24: =MOD(INT(F24/100),10) -> 7
B25: Noah | C25: Shem | D25: 500 | F25: 950 | G25: =MOD(D25, 10) -> 0 | I25: =MOD(F25, 10) -> 0 | J25: =MOD(INT(D25/10),10) -> 0 | L25: =MOD(INT(F25/10),10) -> 5 | M25: =MOD(INT(D25/100),10) -> 5 | O25: =MOD(INT(F25/100),10) -> 9
F29: 0 | G29: =COUNTIF(G$4:G$13,$F29) -> 4 | H29: =COUNTIF(H$4:H$13,$F29) -> 6 | I29: =COUNTIF(I$4:I$13,$F29) -> 3 | J29: =COUNTIF(J$4:J$13,$F29) -> 2 | K29: =COUNTIF(K$4:K$13,$F29) -> 4 | L29: =COUNTIF(L$4:L$13,$F29) -> 1 | M29: =COUNTIF(M$4:M$13,$F29) -> 4 | N29: =COUNTIF(N$4:N$13,$F29) -> 0 | O29: =COUNTIF(O$4:O$13,$F29) -> 0
F30: 1 | G30: =COUNTIF(G$4:G$13,$F30) -> 0 | H30: =COUNTIF(H$4:H$13,$F30) -> 0 | I30: =COUNTIF(I$4:I$13,$F30) -> 0 | J30: =COUNTIF(J$4:J$13,$F30) -> 0 | K30: =COUNTIF(K$4:K$13,$F30) -> 1 | L30: =COUNTIF(L$4:L$13,$F30) -> 2 | M30: =COUNTIF(M$4:M$13,$F30) -> 5 | N30: =COUNTIF(N$4:N$13,$F30) -> 0 | O30: =COUNTIF(O$4:O$13,$F30) -> 0
F31: 2 | G31: =COUNTIF(G$4:G$13,$F31) -> 2 | H31: =COUNTIF(H$4:H$13,$F31) -> 1 | I31: =COUNTIF(I$4:I$13,$F31) -> 2 | J31: =COUNTIF(J$4:J$13,$F31) -> 0 | K31: =COUNTIF(K$4:K$13,$F31) -> 0 | L31: =COUNTIF(L$4:L$13,$F31) -> 0 | M31: =COUNTIF(M$4:M$13,$F31) -> 0 | N31: =COUNTIF(N$4:N$13,$F31) -> 0 | O31: =COUNTIF(O$4:O$13,$F31) -> 0
F32: 3 | G32: =COUNTIF(G$4:G$13,$F32) -> 0 | H32: =COUNTIF(H$4:H$13,$F32) -> 0 | I32: =COUNTIF(I$4:I$13,$F32) -> 0 | J32: =COUNTIF(J$4:J$13,$F32) -> 1 | K32: =COUNTIF(K$4:K$13,$F32) -> 1 | L32: =COUNTIF(L$4:L$13,$F32) -> 1 | M32: =COUNTIF(M$4:M$13,$F32) -> 0 | N32: =COUNTIF(N$4:N$13,$F32) -> 1 | O32: =COUNTIF(O$4:O$13,$F32) -> 1
F33: 4 | G33: =COUNTIF(G$4:G$13,$F33) -> 0 | H33: =COUNTIF(H$4:H$13,$F33) -> 0 | I33: =COUNTIF(I$4:I$13,$F33) -> 0 | J33: =COUNTIF(J$4:J$13,$F33) -> 0 | K33: =COUNTIF(K$4:K$13,$F33) -> 1 | L33: =COUNTIF(L$4:L$13,$F33) -> 0 | M33: =COUNTIF(M$4:M$13,$F33) -> 0 | N33: =COUNTIF(N$4:N$13,$F33) -> 1 | O33: =COUNTIF(O$4:O$13,$F33) -> 0
F34: 5 | G34: =COUNTIF(G$4:G$13,$F34) -> 3 | H34: =COUNTIF(H$4:H$13,$F34) -> 2 | I34: =COUNTIF(I$4:I$13,$F34) -> 3 | J34: =COUNTIF(J$4:J$13,$F34) -> 0 | K34: =COUNTIF(K$4:K$13,$F34) -> 1 | L34: =COUNTIF(L$4:L$13,$F34) -> 1 | M34: =COUNTIF(M$4:M$13,$F34) -> 1 | N34: =COUNTIF(N$4:N$13,$F34) -> 1 | O34: =COUNTIF(O$4:O$13,$F34) -> 0
F35: 6 | G35: =COUNTIF(G$4:G$13,$F35) -> 0 | H35: =COUNTIF(H$4:H$13,$F35) -> 0 | I35: =COUNTIF(I$4:I$13,$F35) -> 0 | J35: =COUNTIF(J$4:J$13,$F35) -> 3 | K35: =COUNTIF(K$4:K$13,$F35) -> 0 | L35: =COUNTIF(L$4:L$13,$F35) -> 3 | M35: =COUNTIF(M$4:M$13,$F35) -> 0 | N35: =COUNTIF(N$4:N$13,$F35) -> 0 | O35: =COUNTIF(O$4:O$13,$F35) -> 0
F36: 7 | G36: =COUNTIF(G$4:G$13,$F36) -> 1 | H36: =COUNTIF(H$4:H$13,$F36) -> 1 | I36: =COUNTIF(I$4:I$13,$F36) -> 1 | J36: =COUNTIF(J$4:J$13,$F36) -> 1 | K36: =COUNTIF(K$4:K$13,$F36) -> 0 | L36: =COUNTIF(L$4:L$13,$F36) -> 1 | M36: =COUNTIF(M$4:M$13,$F36) -> 0 | N36: =COUNTIF(N$4:N$13,$F36) -> 1 | O36: =COUNTIF(O$4:O$13,$F36) -> 1
F37: 8 | G37: =COUNTIF(G$4:G$13,$F37) -> 0 | H37: =COUNTIF(H$4:H$13,$F37) -> 0 | I37: =COUNTIF(I$4:I$13,$F37) -> 0 | J37: =COUNTIF(J$4:J$13,$F37) -> 2 | K37: =COUNTIF(K$4:K$13,$F37) -> 1 | L37: =COUNTIF(L$4:L$13,$F37) -> 0 | M37: =COUNTIF(M$4:M$13,$F37) -> 0 | N37: =COUNTIF(N$4:N$13,$F37) -> 6 | O37: =COUNTIF(O$4:O$13,$F37) -> 1
F38: 9 | G38: =COUNTIF(G$4:G$13,$F38) -> 0 | H38: =COUNTIF(H$4:H$13,$F38) -> 0 | I38: =COUNTIF(I$4:I$13,$F38) -> 1 | J38: =COUNTIF(J$4:J$13,$F38) -> 1 | K38: =COUNTIF(K$4:K$13,$F38) -> 1 | L38: =COUNTIF(L$4:L$13,$F38) -> 1 | M38: =COUNTIF(M$4:M$13,$F38) -> 0 | N38: =COUNTIF(N$4:N$13,$F38) -> 0 | O38: =COUNTIF(O$4:O$13,$F38) -> 7

Sheet Fig_2B_decomp
B2: genealogy | D2: Actual ages | G2: digit of 1s column | J2: digit of 10s column | M2: digit of 100s column
B3: Father | C3: Son | D3: Age of father at sons birth | E3: years after sons birth | F3: total age of father | G3: Age of father at sons birth | H3: years after sons birth | I3: total age of father | J3: Age of father at sons birth | K3: years after sons birth | L3: total age of father | M3: Age of father at sons birth | N3: years after sons birth | O3: total age of father
B4: Shem | C4: Arpachshad | D4: 100 | E4: 500 | F4: =D4+E4 -> 600 | G4: =MOD(D4, 10) -> 0 | H4: =MOD(E4, 10) -> 0 | I4: =MOD(F4, 10) -> 0 | J4: =MOD(INT(D4/10),10) -> 0 | K4: =MOD(INT(E4/10),10) -> 0 | L4: =MOD(INT(F4/10),10) -> 0 | M4: =MOD(INT(D4/100),10) -> 1 | N4: =MOD(INT(E4/100),10) -> 5 | O4: =MOD(INT(F4/100),10) -> 6
B5: Arpachshad | C5: Shelah | D5: 35 | E5: 403 | F5: =D5+E5 -> 438 | G5: =MOD(D5, 10) -> 5 | H5: =MOD(E5, 10) -> 3 | I5: =MOD(F5, 10) -> 8 | J5: =MOD(INT(D5/10),10) -> 3 | K5: =MOD(INT(E5/10),10) -> 0 | L5: =MOD(INT(F5/10),10) -> 3 | M5: =MOD(INT(D5/100),10) -> 0 | N5: =MOD(INT(E5/100),10) -> 4 | O5: =MOD(INT(F5/100),10) -> 4
B6: Shelah | C6: Eber | D6: 30 | E6: 403 | F6: =D6+E6 -> 433 | G6: =MOD(D6, 10) -> 0 | H6: =MOD(E6, 10) -> 3 | I6: =MOD(F6, 10) -> 3 | J6: =MOD(INT(D6/10),10) -> 3 | K6: =MOD(INT(E6/10),10) -> 0 | L6: =MOD(INT(F6/10),10) -> 3 | M6: =MOD(INT(D6/100),10) -> 0 | N6: =MOD(INT(E6/100),10) -> 4 | O6: =MOD(INT(F6/100),10) -> 4
B7: Eber | C7: Peleg | D7: 34 | E7: 430 | F7: =D7+E7 -> 464 | G7: =MOD(D7, 10) -> 4 | H7: =MOD(E7, 10) -> 0 | I7: =MOD(F7, 10) -> 4 | J7: =MOD(INT(D7/10),10) -> 3 | K7: =MOD(INT(E7/10),10) -> 3 | L7: =MOD(INT(F7/10),10) -> 6 | M7: =MOD(INT(D7/100),10) -> 0 | N7: =MOD(INT(E7/100),10) -> 4 | O7: =MOD(INT(F7/100),10) -> 4
B8: Peleg | C8: Reu | D8: 30 | E8: 209 | F8: =D8+E8 -> 239 | G8: =MOD(D8, 10) -> 0 | H8: =MOD(E8, 10) -> 9 | I8: =MOD(F8, 10) -> 9 | J8: =MOD(INT(D8/10),10) -> 3 | K8: =MOD(INT(E8/10),10) -> 0 | L8: =MOD(INT(F8/10),10) -> 3 | M8: =MOD(INT(D8/100),10) -> 0 | N8: =MOD(INT(E8/100),10) -> 2 | O8: =MOD(INT(F8/100),10) -> 2
B9: Reu | C9: Serug | D9: 32 | E9: 207 | F9: =D9+E9 -> 239 | G9: =MOD(D9, 10) -> 2 | H9: =MOD(E9, 10) -> 7 | I9: =MOD(F9, 10) -> 9 | J9: =MOD(INT(D9/10),10) -> 3 | K9: =MOD(INT(E9/10),10) -> 0 | L9: =MOD(INT(F9/10),10) -> 3 | M9: =MOD(INT(D9/100),10) -> 0 | N9: =MOD(INT(E9/100),10) -> 2 | O9: =MOD(INT(F9/100),10) -> 2
B10: Serug | C10: Nahor | D10: 30 | E10: 200 | F10: =D10+E10 -> 230 | G10: =MOD(D10, 10) -> 0 | H10: =MOD(E10, 10) -> 0 | I10: =MOD(F10, 10) -> 0 | J10: =MOD(INT(D10/10),10) -> 3 | K10: =MOD(INT(E10/10),10) -> 0 | L10: =MOD(INT(F10/10),10) -> 3 | M10: =MOD(INT(D10/100),10) -> 0 | N10: =MOD(INT(E10/100),10) -> 2 | O10: =MOD(INT(F10/100),10) -> 2
B11: Nahor | C11: Terah | D11: 29 | E11: 119 | F11: =D11+E11 -> 148 | G11: =MOD(D11, 10) -> 9 | H11: =MOD(E11, 10) -> 9 | I11: =MOD(F11, 10) -> 8 | J11: =MOD(INT(D11/10),10) -> 2 | K11: =MOD(INT(E11/10),10) -> 1 | L11: =MOD(INT(F11/10),10) -> 4 | M11: =MOD(INT(D11/100),10) -> 0 | N11: =MOD(INT(E11/100),10) -> 1 | O11: =MOD(INT(F11/100),10) -> 1
B12: Terah | C12: Abram | D12: 70 | E12: =F12-D12 -> 135 | F12: 205 | G12: =MOD(D12, 10) -> 0 | H12: =MOD(E12, 10) -> 5 | I12: =MOD(F12, 10) -> 5 | J12: =MOD(INT(D12/10),10) -> 7 | K12: =MOD(INT(E12/10),10) -> 3 | L12: =MOD(INT(F12/10),10) -> 0 | M12: =MOD(INT(D12/100),10) -> 0 | N12: =MOD(INT(E12/100),10) -> 1 | O12: =MOD(INT(F12/100),10) -> 2
C13: total | D13: =SUM(D4:D12) -> 390 | E13: =SUM(E4:E12) -> 2606 | F13: =SUM(F4:F12) -> 2996
G14: excluding calculated values
B15: Shem | C15: Arpachshad | D15: 100 | E15: 500 | G15: =MOD(D15, 10) -> 0 | H15: =MOD(E15, 10) -> 0 | J15: =MOD(INT(D15/10),10) -> 0 | K15: =MOD(INT(E15/10),10) -> 0 | M15: =MOD(INT(D15/100),10) -> 1 | N15: =MOD(INT(E15/100),10) -> 5
B16: Arpachshad | C16: Shelah | D16: 35 | E16: 403 | G16: =MOD(D16, 10) -> 5 | H16: =MOD(E16, 10) -> 3 | J16: =MOD(INT(D16/10),10) -> 3 | K16: =MOD(INT(E16/10),10) -> 0 | M16: =MOD(INT(D16/100),10) -> 0 | N16: =MOD(INT(E16/100),10) -> 4
B17: Shelah | C17: Eber | D17: 30 | E17: 403 | G17: =MOD(D17, 10) -> 0 | H17: =MOD(E17, 10) -> 3 | J17: =MOD(INT(D17/10),10) -> 3 | K17: =MOD(INT(E17/10),10) -> 0 | M17: =MOD(INT(D17/100),10) -> 0 | N17: =MOD(INT(E17/100),10) -> 4
B18: Eber | C18: Peleg | D18: 34 | E18: 430 | G18: =MOD(D18, 10) -> 4 | H18: =MOD(E18, 10) -> 0 | J18: =MOD(INT(D18/10),10) -> 3 | K18: =MOD(INT(E18/10),10) -> 3 | M18: =MOD(INT(D18/100),10) -> 0 | N18: =MOD(INT(E18/100),10) -> 4
B19: Peleg | C19: Reu | D19: 30 | E19: 209 | G19: =MOD(D19, 10) -> 0 | H19: =MOD(E19, 10) -> 9 | J19: =MOD(INT(D19/10),10) -> 3 | K19: =MOD(INT(E19/10),10) -> 0 | M19: =MOD(INT(D19/100),10) -> 0 | N19: =MOD(INT(E19/100),10) -> 2
B20: Reu | C20: Serug | D20: 32 | E20: 207 | G20: =MOD(D20, 10) -> 2 | H20: =MOD(E20, 10) -> 7 | J20: =MOD(INT(D20/10),10) -> 3 | K20: =MOD(INT(E20/10),10) -> 0 | M20: =MOD(INT(D20/100),10) -> 0 | N20: =MOD(INT(E20/100),10) -> 2
B21: Serug | C21: Nahor | D21: 30 | E21: 200 | G21: =MOD(D21, 10) -> 0 | H21: =MOD(E21, 10) -> 0 | J21: =MOD(INT(D21/10),10) -> 3 | K21: =MOD(INT(E21/10),10) -> 0 | M21: =MOD(INT(D21/100),10) -> 0 | N21: =MOD(INT(E21/100),10) -> 2
B22: Nahor | C22: Terah | D22: 29 | E22: 119 | G22: =MOD(D22, 10) -> 9 | H22: =MOD(E22, 10) -> 9 | J22: =MOD(INT(D22/10),10) -> 2 | K22: =MOD(INT(E22/10),10) -> 1 | M22: =MOD(INT(D22/100),10) -> 0 | N22: =MOD(INT(E22/100),10) -> 1
B23: Terah | C23: Abram | D23: 70 | F23: 205 | G23: =MOD(D23, 10) -> 0 | I23: =MOD(F23, 10) -> 5 | J23: =MOD(INT(D23/10),10) -> 7 | L23: =MOD(INT(F23/10),10) -> 0 | M23: =MOD(INT(D23/100),10) -> 0 | O23: =MOD(INT(F23/100),10) -> 2
F27: 0 | G27: =COUNTIF(G$4:G$12,$F27) -> 5 | H27: =COUNTIF(H$4:H$12,$F27) -> 3 | I27: =COUNTIF(I$4:I$12,$F27) -> 2 | J27: =COUNTIF(J$4:J$12,$F27) -> 1 | K27: =COUNTIF(K$4:K$12,$F27) -> 6 | L27: =COUNTIF(L$4:L$12,$F27) -> 2 | M27: =COUNTIF(M$4:M$12,$F27) -> 8 | N27: =COUNTIF(N$4:N$12,$F27) -> 0 | O27: =COUNTIF(O$4:O$12,$F27) -> 0
F28: 1 | G28: =COUNTIF(G$4:G$12,$F28) -> 0 | H28: =COUNTIF(H$4:H$12,$F28) -> 0 | I28: =COUNTIF(I$4:I$12,$F28) -> 0 | J28: =COUNTIF(J$4:J$12,$F28) -> 0 | K28: =COUNTIF(K$4:K$12,$F28) -> 1 | L28: =COUNTIF(L$4:L$12,$F28) -> 0 | M28: =COUNTIF(M$4:M$12,$F28) -> 1 | N28: =COUNTIF(N$4:N$12,$F28) -> 2 | O28: =COUNTIF(O$4:O$12,$F28) -> 1
F29: 2 | G29: =COUNTIF(G$4:G$12,$F29) -> 1 | H29: =COUNTIF(H$4:H$12,$F29) -> 0 | I29: =COUNTIF(I$4:I$12,$F29) -> 0 | J29: =COUNTIF(J$4:J$12,$F29) -> 1 | K29: =COUNTIF(K$4:K$12,$F29) -> 0 | L29: =COUNTIF(L$4:L$12,$F29) -> 0 | M29: =COUNTIF(M$4:M$12,$F29) -> 0 | N29: =COUNTIF(N$4:N$12,$F29) -> 3 | O29: =COUNTIF(O$4:O$12,$F29) -> 4
F30: 3 | G30: =COUNTIF(G$4:G$12,$F30) -> 0 | H30: =COUNTIF(H$4:H$12,$F30) -> 2 | I30: =COUNTIF(I$4:I$12,$F30) -> 1 | J30: =COUNTIF(J$4:J$12,$F30) -> 6 | K30: =COUNTIF(K$4:K$12,$F30) -> 2 | L30: =COUNTIF(L$4:L$12,$F30) -> 5 | M30: =COUNTIF(M$4:M$12,$F30) -> 0 | N30: =COUNTIF(N$4:N$12,$F30) -> 0 | O30: =COUNTIF(O$4:O$12,$F30) -> 0
F31: 4 | G31: =COUNTIF(G$4:G$12,$F31) -> 1 | H31: =COUNTIF(H$4:H$12,$F31) -> 0 | I31: =COUNTIF(I$4:I$12,$F31) -> 1 | J31: =COUNTIF(J$4:J$12,$F31) -> 0 | K31: =COUNTIF(K$4:K$12,$F31) -> 0 | L31: =COUNTIF(L$4:L$12,$F31) -> 1 | M31: =COUNTIF(M$4:M$12,$F31) -> 0 | N31: =COUNTIF(N$4:N$12,$F31) -> 3 | O31: =COUNTIF(O$4:O$12,$F31) -> 3
F32: 5 | G32: =COUNTIF(G$4:G$12,$F32) -> 1 | H32: =COUNTIF(H$4:H$12,$F32) -> 1 | I32: =COUNTIF(I$4:I$12,$F32) -> 1 | J32: =COUNTIF(J$4:J$12,$F32) -> 0 | K32: =COUNTIF(K$4:K$12,$F32) -> 0 | L32: =COUNTIF(L$4:L$12,$F32) -> 0 | M32: =COUNTIF(M$4:M$12,$F32) -> 0 | N32: =COUNTIF(N$4:N$12,$F32) -> 1 | O32: =COUNTIF(O$4:O$12,$F32) -> 0
F33: 6 | G33: =COUNTIF(G$4:G$12,$F33) -> 0 | H33: =COUNTIF(H$4:H$12,$F33) -> 0 | I33: =COUNTIF(I$4:I$12,$F33) -> 0 | J33: =COUNTIF(J$4:J$12,$F33) -> 0 | K33: =COUNTIF(K$4:K$12,$F33) -> 0 | L33: =COUNTIF(L$4:L$12,$F33) -> 1 | M33: =COUNTIF(M$4:M$12,$F33) -> 0 | N33: =COUNTIF(N$4:N$12,$F33) -> 0 | O33: =COUNTIF(O$4:O$12,$F33) -> 1
F34: 7 | G34: =COUNTIF(G$4:G$12,$F34) -> 0 | H34: =COUNTIF(H$4:H$12,$F34) -> 1 | I34: =COUNTIF(I$4:I$12,$F34) -> 0 | J34: =COUNTIF(J$4:J$12,$F34) -> 1 | K34: =COUNTIF(K$4:K$12,$F34) -> 0 | L34: =COUNTIF(L$4:L$12,$F34) -> 0 | M34: =COUNTIF(M$4:M$12,$F34) -> 0 | N34: =COUNTIF(N$4:N$12,$F34) -> 0 | O34: =COUNTIF(O$4:O$12,$F34) -> 0
F35: 8 | G35: =COUNTIF(G$4:G$12,$F35) -> 0 | H35: =COUNTIF(H$4:H$12,$F35) -> 0 | I35: =COUNTIF(I$4:I$12,$F35) -> 2 | J35: =COUNTIF(J$4:J$12,$F35) -> 0 | K35: =COUNTIF(K$4:K$12,$F35) -> 0 | L35: =COUNTIF(L$4:L$12,$F35) -> 0 | M35: =COUNTIF(M$4:M$12,$F35) -> 0 | N35: =COUNTIF(N$4:N$12,$F35) -> 0 | O35: =COUNTIF(O$4:O$12,$F35) -> 0
F36: 9 | G36: =COUNTIF(G$4:G$12,$F36) -> 1 | H36: =COUNTIF(H$4:H$12,$F36) -> 2 | I36: =COUNTIF(I$4:I$12,$F36) -> 2 | J36: =COUNTIF(J$4:J$12,$F36) -> 0 | K36: =COUNTIF(K$4:K$12,$F36) -> 0 | L36: =COUNTIF(L$4:L$12,$F36) -> 0 | M36: =COUNTIF(M$4:M$12,$F36) -> 0 | N36: =COUNTIF(N$4:N$12,$F36) -> 0 | O36: =COUNTIF(O$4:O$12,$F36) -> 0

Sheet Fig_2C_decomp
B2: genealogy | D2: Actual ages | G2: digit of 1s column | J2: digit of 10s column | M2: digit of 100s column
B3: Father | C3: Son | D3: Age of father at sons birth | E3: years after sons birth | F3: total age of father | G3: Age of father at sons birth | H3: years after sons birth | I3: total age of father | J3: Age of father at sons birth | K3: years after sons birth | L3: total age of father | M3: Age of father at sons birth | N3: years after sons birth | O3: total age of father
B4: Adam | C4: Seth | D4: 130 | E4: 800 | F4: 930 | G4: =MOD(D4, 10) -> 0 | H4: =MOD(E4, 10) -> 0 | I4: =MOD(F4, 10) -> 0 | J4: =MOD(INT(D4/10),10) -> 3 | K4: =MOD(INT(E4/10),10) -> 0 | L4: =MOD(INT(F4/10),10) -> 3 | M4: =MOD(INT(D4/100),10) -> 1 | N4: =MOD(INT(E4/100),10) -> 8 | O4: =MOD(INT(F4/100),10) -> 9
B5: Seth | C5: Enosh | D5: 105 | E5: 807 | F5: 912 | G5: =MOD(D5, 10) -> 5 | H5: =MOD(E5, 10) -> 7 | I5: =MOD(F5, 10) -> 2 | J5: =MOD(INT(D5/10),10) -> 0 | K5: =MOD(INT(E5/10),10) -> 0 | L5: =MOD(INT(F5/10),10) -> 1 | M5: =MOD(INT(D5/100),10) -> 1 | N5: =MOD(INT(E5/100),10) -> 8 | O5: =MOD(INT(F5/100),10) -> 9
B6: Enosh | C6: Kenan | D6: 90 | E6: 815 | F6: 905 | G6: =MOD(D6, 10) -> 0 | H6: =MOD(E6, 10) -> 5 | I6: =MOD(F6, 10) -> 5 | J6: =MOD(INT(D6/10),10) -> 9 | K6: =MOD(INT(E6/10),10) -> 1 | L6: =MOD(INT(F6/10),10) -> 0 | M6: =MOD(INT(D6/100),10) -> 0 | N6: =MOD(INT(E6/100),10) -> 8 | O6: =MOD(INT(F6/100),10) -> 9
B7: Kenan | C7: Mahalalel | D7: 70 | E7: 840 | F7: 910 | G7: =MOD(D7, 10) -> 0 | H7: =MOD(E7, 10) -> 0 | I7: =MOD(F7, 10) -> 0 | J7: =MOD(INT(D7/10),10) -> 7 | K7: =MOD(INT(E7/10),10) -> 4 | L7: =MOD(INT(F7/10),10) -> 1 | M7: =MOD(INT(D7/100),10) -> 0 | N7: =MOD(INT(E7/100),10) -> 8 | O7: =MOD(INT(F7/100),10) -> 9
B8: Mahalalel | C8: Jared | D8: 65 | E8: 830 | F8: 895 | G8: =MOD(D8, 10) -> 5 | H8: =MOD(E8, 10) -> 0 | I8: =MOD(F8, 10) -> 5 | J8: =MOD(INT(D8/10),10) -> 6 | K8: =MOD(INT(E8/10),10) -> 3 | L8: =MOD(INT(F8/10),10) -> 9 | M8: =MOD(INT(D8/100),10) -> 0 | N8: =MOD(INT(E8/100),10) -> 8 | O8: =MOD(INT(F8/100),10) -> 8
B9: Jared | C9: Enoch | D9: 162 | E9: 800 | F9: 962 | G9: =MOD(D9, 10) -> 2 | H9: =MOD(E9, 10) -> 0 | I9: =MOD(F9, 10) -> 2 | J9: =MOD(INT(D9/10),10) -> 6 | K9: =MOD(INT(E9/10),10) -> 0 | L9: =MOD(INT(F9/10),10) -> 6 | M9: =MOD(INT(D9/100),10) -> 1 | N9: =MOD(INT(E9/100),10) -> 8 | O9: =MOD(INT(F9/100),10) -> 9
B10: Enoch | C10: Methuselah | D10: 65 | E10: 300 | F10: 365 | G10: =MOD(D10, 10) -> 5 | H10: =MOD(E10, 10) -> 0 | I10: =MOD(F10, 10) -> 5 | J10: =MOD(INT(D10/10),10) -> 6 | K10: =MOD(INT(E10/10),10) -> 0 | L10: =MOD(INT(F10/10),10) -> 6 | M10: =MOD(INT(D10/100),10) -> 0 | N10: =MOD(INT(E10/100),10) -> 3 | O10: =MOD(INT(F10/100),10) -> 3
B11: Methuselah | C11: Lamech | D11: 187 | E11: 782 | F11: 969 | G11: =MOD(D11, 10) -> 7 | H11: =MOD(E11, 10) -> 2 | I11: =MOD(F11, 10) -> 9 | J11: =MOD(INT(D11/10),10) -> 8 | K11: =MOD(INT(E11/10),10) -> 8 | L11: =MOD(INT(F11/10),10) -> 6 | M11: =MOD(INT(D11/100),10) -> 1 | N11: =MOD(INT(E11/100),10) -> 7 | O11: =MOD(INT(F11/100),10) -> 9
B12: Lamech | C12: Noah | D12: 182 | E12: 595 | F12: 777 | G12: =MOD(D12, 10) -> 2 | H12: =MOD(E12, 10) -> 5 | I12: =MOD(F12, 10) -> 7 | J12: =MOD(INT(D12/10),10) -> 8 | K12: =MOD(INT(E12/10),10) -> 9 | L12: =MOD(INT(F12/10),10) -> 7 | M12: =MOD(INT(D12/100),10) -> 1 | N12: =MOD(INT(E12/100),10) -> 5 | O12: =MOD(INT(F12/100),10) -> 7
B13: Noah | C13: Shem | D13: 500 | E13: 450 | F13: 950 | G13: =MOD(D13, 10) -> 0 | H13: =MOD(E13, 10) -> 0 | I13: =MOD(F13, 10) -> 0 | J13: =MOD(INT(D13/10),10) -> 0 | K13: =MOD(INT(E13/10),10) -> 5 | L13: =MOD(INT(F13/10),10) -> 5 | M13: =MOD(INT(D13/100),10) -> 5 | N13: =MOD(INT(E13/100),10) -> 4 | O13: =MOD(INT(F13/100),10) -> 9
B14: Shem | C14: Arpachshad | D14: 100 | E14: 500 | F14: =D14+E14 -> 600 | G14: =MOD(D14, 10) -> 0 | H14: =MOD(E14, 10) -> 0 | I14: =MOD(F14, 10) -> 0 | J14: =MOD(INT(D14/10),10) -> 0 | K14: =MOD(INT(E14/10),10) -> 0 | L14: =MOD(INT(F14/10),10) -> 0 | M14: =MOD(INT(D14/100),10) -> 1 | N14: =MOD(INT(E14/100),10) -> 5 | O14: =MOD(INT(F14/100),10) -> 6
B15: Arpachshad | C15: Shelah | D15: 35 | E15: 403 | F15: =D15+E15 -> 438 | G15: =MOD(D15, 10) -> 5 | H15: =MOD(E15, 10) -> 3 | I15: =MOD(F15, 10) -> 8 | J15: =MOD(INT(D15/10),10) -> 3 | K15: =MOD(INT(E15/10),10) -> 0 | L15: =MOD(INT(F15/10),10) -> 3 | M15: =MOD(INT(D15/100),10) -> 0 | N15: =MOD(INT(E15/100),10) -> 4 | O15: =MOD(INT(F15/100),10) -> 4
B16: Shelah | C16: Eber | D16: 30 | E16: 403 | F16: =D16+E16 -> 433 | G16: =MOD(D16, 10) -> 0 | H16: =MOD(E16, 10) -> 3 | I16: =MOD(F16, 10) -> 3 | J16: =MOD(INT(D16/10),10) -> 3 | K16: =MOD(INT(E16/10),10) -> 0 | L16: =MOD(INT(F16/10),10) -> 3 | M16: =MOD(INT(D16/100),10) -> 0 | N16: =MOD(INT(E16/100),10) -> 4 | O16: =MOD(INT(F16/100),10) -> 4
B17: Eber | C17: Peleg | D17: 34 | E17: 430 | F17: =D17+E17 -> 464 | G17: =MOD(D17, 10) -> 4 | H17: =MOD(E17, 10) -> 0 | I17: =MOD(F17, 10) -> 4 | J17: =MOD(INT(D17/10),10) -> 3 | K17: =MOD(INT(E17/10),10) -> 3 | L17: =MOD(INT(F17/10),10) -> 6 | M17: =MOD(INT(D17/100),10) -> 0 | N17: =MOD(INT(E17/100),10) -> 4 | O17: =MOD(INT(F17/100),10) -> 4
B18: Peleg | C18: Reu | D18: 30 | E18: 209 | F18: =D18+E18 -> 239 | G18: =MOD(D18, 10) -> 0 | H18: =MOD(E18, 10) -> 9 | I18: =MOD(F18, 10) -> 9 | J18: =MOD(INT(D18/10),10) -> 3 | K18: =MOD(INT(E18/10),10) -> 0 | L18: =MOD(INT(F18/10),10) -> 3 | M18: =MOD(INT(D18/100),10) -> 0 | N18: =MOD(INT(E18/100),10) -> 2 | O18: =MOD(INT(F18/100),10) -> 2
B19: Reu | C19: Serug | D19: 32 | E19: 207 | F19: =D19+E19 -> 239 | G19: =MOD(D19, 10) -> 2 | H19: =MOD(E19, 10) -> 7 | I19: =MOD(F19, 10) -> 9 | J19: =MOD(INT(D19/10),10) -> 3 | K19: =MOD(INT(E19/10),10) -> 0 | L19: =MOD(INT(F19/10),10) -> 3 | M19: =MOD(INT(D19/100),10) -> 0 | N19: =MOD(INT(E19/100),10) -> 2 | O19: =MOD(INT(F19/100),10) -> 2
B20: Serug | C20: Nahor | D20: 30 | E20: 200 | F20: =D20+E20 -> 230 | G20: =MOD(D20, 10) -> 0 | H20: =MOD(E20, 10) -> 0 | I20: =MOD(F20, 10) -> 0 | J20: =MOD(INT(D20/10),10) -> 3 | K20: =MOD(INT(E20/10),10) -> 0 | L20: =MOD(INT(F20/10),10) -> 3 | M20: =MOD(INT(D20/100),10) -> 0 | N20: =MOD(INT(E20/100),10) -> 2 | O20: =MOD(INT(F20/100),10) -> 2
B21: Nahor | C21: Terah | D21: 29 | E21: 119 | F21: =D21+E21 -> 148 | G21: =MOD(D21, 10) -> 9 | H21: =MOD(E21, 10) -> 9 | I21: =MOD(F21, 10) -> 8 | J21: =MOD(INT(D21/10),10) -> 2 | K21: =MOD(INT(E21/10),10) -> 1 | L21: =MOD(INT(F21/10),10) -> 4 | M21: =MOD(INT(D21/100),10) -> 0 | N21: =MOD(INT(E21/100),10) -> 1 | O21: =MOD(INT(F21/100),10) -> 1
B22: Terah | C22: Abram | D22: 70 | E22: =F22-D22 -> 135 | F22: 205 | G22: =MOD(D22, 10) -> 0 | H22: =MOD(E22, 10) -> 5 | I22: =MOD(F22, 10) -> 5 | J22: =MOD(INT(D22/10),10) -> 7 | K22: =MOD(INT(E22/10),10) -> 3 | L22: =MOD(INT(F22/10),10) -> 0 | M22: =MOD(INT(D22/100),10) -> 0 | N22: =MOD(INT(E22/100),10) -> 1 | O22: =MOD(INT(F22/100),10) -> 2
C23: total | D23: =SUM(D14:D22) -> 390 | E23: =SUM(E14:E22) -> 2606 | F23: =SUM(F14:F22) -> 2996
G24: no calc
B25: Father | C25: Son | D25: Age of father at sons birth | E25: years after sons birth | F25: total age of father | G25: Age of father at sons birth | H25: years after sons birth | I25: total age of father | J25: Age of father at sons birth | K25: years after sons birth | L25: total age of father | M25: Age of father at sons birth | N25: years after sons birth | O25: total age of father
B26: Adam | C26: Seth | D26: 130 | E26: 800 | F26: 930 | G26: =MOD(D26, 10) -> 0 | H26: =MOD(E26, 10) -> 0 | I26: =MOD(F26, 10) -> 0 | J26: =MOD(INT(D26/10),10) -> 3 | K26: =MOD(INT(E26/10),10) -> 0 | L26: =MOD(INT(F26/10),10) -> 3 | M26: =MOD(INT(D26/100),10) -> 1 | N26: =MOD(INT(E26/100),10) -> 8 | O26: =MOD(INT(F26/100),10) -> 9
B27: Seth | C27: Enosh | D27: 105 | E27: 807 | F27: 912 | G27: =MOD(D27, 10) -> 5 | H27: =MOD(E27, 10) -> 7 | I27: =MOD(F27, 10) -> 2 | J27: =MOD(INT(D27/10),10) -> 0 | K27: =MOD(INT(E27/10),10) -> 0 | L27: =MOD(INT(F27/10),10) -> 1 | M27: =MOD(INT(D27/100),10) -> 1 | N27: =MOD(INT(E27/100),10) -> 8 | O27: =MOD(INT(F27/100),10) -> 9
B28: Enosh | C28: Kenan | D28: 90 | E28: 815 | F28: 905 | G28: =MOD(D28, 10) -> 0 | H28: =MOD(E28, 10) -> 5 | I28: =MOD(F28, 10) -> 5 | J28: =MOD(INT(D28/10),10) -> 9 | K28: =MOD(INT(E28/10),10) -> 1 | L28: =MOD(INT(F28/10),10) -> 0 | M28: =MOD(INT(D28/100),10) -> 0 | N28: =MOD(INT(E28/100),10) -> 8 | O28: =MOD(INT(F28/100),10) -> 9
B29: Kenan | C29: Mahalalel | D29: 70 | E29: 840 | F29: 910 | G29: =MOD(D29, 10) -> 0 | H29: =MOD(E29, 10) -> 0 | I29: =MOD(F29, 10) -> 0 | J29: =MOD(INT(D29/10),10) -> 7 | K29: =MOD(INT(E29/10),10) -> 4 | L29: =MOD(INT(F29/10),10) -> 1 | M29: =MOD(INT(D29/100),10) -> 0 | N29: =MOD(INT(E29/100),10) -> 8 | O29: =MOD(INT(F29/100),10) -> 9
B30: Mahalalel | C30: Jared | D30: 65 | E30: 830 | F30: 895 | G30: =MOD(D30, 10) -> 5 | H30: =MOD(E30, 10) -> 0 | I30: =MOD(F30, 10) -> 5 | J30: =MOD(INT(D30/10),10) -> 6 | K30: =MOD(INT(E30/10),10) -> 3 | L30: =MOD(INT(F30/10),10) -> 9 | M30: =MOD(INT(D30/100),10) -> 0 | N30: =MOD(INT(E30/100),10) -> 8 | O30: =MOD(INT(F30/100),10) -> 8
B31: Jared | C31: Enoch | D31: 162 | E31: 800 | F31: 962 | G31: =MOD(D31, 10) -> 2 | H31: =MOD(E31, 10) -> 0 | I31: =MOD(F31, 10) -> 2 | J31: =MOD(INT(D31/10),10) -> 6 | K31: =MOD(INT(E31/10),10) -> 0 | L31: =MOD(INT(F31/10),10) -> 6 | M31: =MOD(INT(D31/100),10) -> 1 | N31: =MOD(INT(E31/100),10) -> 8 | O31: =MOD(INT(F31/100),10) -> 9
B32: Enoch | C32: Methuselah | D32: 65 | E32: 300 | F32: 365 | G32: =MOD(D32, 10) -> 5 | H32: =MOD(E32, 10) -> 0 | I32: =MOD(F32, 10) -> 5 | J32: =MOD(INT(D32/10),10) -> 6 | K32: =MOD(INT(E32/10),10) -> 0 | L32: =MOD(INT(F32/10),10) -> 6 | M32: =MOD(INT(D32/100),10) -> 0 | N32: =MOD(INT(E32/100),10) -> 3 | O32: =MOD(INT(F32/100),10) -> 3
B33: Methuselah | C33: Lamech | D33: 187 | E33: 782 | F33: 969 | G33: =MOD(D33, 10) -> 7 | H33: =MOD(E33, 10) -> 2 | I33: =MOD(F33, 10) -> 9 | J33: =MOD(INT(D33/10),10) -> 8 | K33: =MOD(INT(E33/10),10) -> 8 | L33: =MOD(INT(F33/10),10) -> 6 | M33: =MOD(INT(D33/100),10) -> 1 | N33: =MOD(INT(E33/100),10) -> 7 | O33: =MOD(INT(F33/100),10) -> 9
B34: Lamech | C34: Noah | D34: 182 | E34: 595 | F34: 777 | G34: =MOD(D34, 10) -> 2 | H34: =MOD(E34, 10) -> 5 | I34: =MOD(F34, 10) -> 7 | J34: =MOD(INT(D34/10),10) -> 8 | K34: =MOD(INT(E34/10),10) -> 9 | L34: =MOD(INT(F34/10),10) -> 7 | M34: =MOD(INT(D34/100),10) -> 1 | N34: =MOD(INT(E34/100),10) -> 5 | O34: =MOD(INT(F34/100),10) -> 7
B35: Noah | C35: Shem | D35: 500 | F35: 950 | G35: =MOD(D35, 10) -> 0 | I35: =MOD(F35, 10) -> 0 | J35: =MOD(INT(D35/10),10) -> 0 | L35: =MOD(INT(F35/10),10) -> 5 | M35: =MOD(INT(D35/100),10) -> 5 | O35: =MOD(INT(F35/100),10) -> 9
B36: Shem | C36: Arpachshad | D36: 100 | E36: 500 | G36: =MOD(D36, 10) -> 0 | H36: =MOD(E36, 10) -> 0 | J36: =MOD(INT(D36/10),10) -> 0 | K36: =MOD(INT(E36/10),10) -> 0 | M36: =MOD(INT(D36/100),10) -> 1 | N36: =MOD(INT(E36/100),10) -> 5
B37: Arpachshad | C37: Shelah | D37: 35 | E37: 403 | G37: =MOD(D37, 10) -> 5 | H37: =MOD(E37, 10) -> 3 | J37: =MOD(INT(D37/10),10) -> 3 | K37: =MOD(INT(E37/10),10) -> 0 | M37: =MOD(INT(D37/100),10) -> 0 | N37: =MOD(INT(E37/100),10) -> 4
B38: Shelah | C38: Eber | D38: 30 | E38: 403 | G38: =MOD(D38, 10) -> 0 | H38: =MOD(E38, 10) -> 3 | J38: =MOD(INT(D38/10),10) -> 3 | K38: =MOD(INT(E38/10),10) -> 0 | M38: =MOD(INT(D38/100),10) -> 0 | N38: =MOD(INT(E38/100),10) -> 4
B39: Eber | C39: Peleg | D39: 34 | E39: 430 | G39: =MOD(D39, 10) -> 4 | H39: =MOD(E39, 10) -> 0 | J39: =MOD(INT(D39/10),10) -> 3 | K39: =MOD(INT(E39/10),10) -> 3 | M39: =MOD(INT(D39/100),10) -> 0 | N39: =MOD(INT(E39/100),10) -> 4
B40: Peleg | C40: Reu | D40: 30 | E40: 209 | G40: =MOD(D40, 10) -> 0 | H40: =MOD(E40, 10) -> 9 | J40: =MOD(INT(D40/10),10) -> 3 | K40: =MOD(INT(E40/10),10) -> 0 | M40: =MOD(INT(D40/100),10) -> 0 | N40: =MOD(INT(E40/100),10) -> 2
B41: Reu | C41: Serug | D41: 32 | E41: 207 | G41: =MOD(D41, 10) -> 2 | H41: =MOD(E41, 10) -> 7 | J41: =MOD(INT(D41/10),10) -> 3 | K41: =MOD(INT(E41/10),10) -> 0 | M41: =MOD(INT(D41/100),10) -> 0 | N41: =MOD(INT(E41/100),10) -> 2
B42: Serug | C42: Nahor | D42: 30 | E42: 200 | G42: =MOD(D42, 10) -> 0 | H42: =MOD(E42, 10) -> 0 | J42: =MOD(INT(D42/10),10) -> 3 | K42: =MOD(INT(E42/10),10) -> 0 | M42: =MOD(INT(D42/100),10) -> 0 | N42: =MOD(INT(E42/100),10) -> 2
B43: Nahor | C43: Terah | D43: 29 | E43: 119 | G43: =MOD(D43, 10) -> 9 | H43: =MOD(E43, 10) -> 9 | J43: =MOD(INT(D43/10),10) -> 2 | K43: =MOD(INT(E43/10),10) -> 1 | M43: =MOD(INT(D43/100),10) -> 0 | N43: =MOD(INT(E43/100),10) -> 1
B44: Terah | C44: Abram | D44: 70 | F44: 205 | G44: =MOD(D44, 10) -> 0 | I44: =MOD(F44, 10) -> 5 | J44: =MOD(INT(D44/10),10) -> 7 | K44: =MOD(INT(E44/10),10) -> 0 | M44: =MOD(INT(D44/100),10) -> 0 | O44: =MOD(INT(F44/100),10) -> 2
C45: total | D45: =SUM(D36:D44) -> 390 | E45: =SUM(E36:E44) -> 2471 | F45: =SUM(F36:F44) -> 205
F48: 0 | G48: =COUNTIF(G$4:G$22,$F48) -> 9 | H48: =COUNTIF(H$4:H$22,$F48) -> 9 | I48: =COUNTIF(I$4:I$22,$F48) -> 5 | J48: =COUNTIF(J$4:J$22,$F48) -> 3 | K48: =COUNTIF(K$4:K$22,$F48) -> 10 | L48: =COUNTIF(L$4:L$22,$F48) -> 3 | M48: =COUNTIF(M$4:M$22,$F48) -> 12 | N48: =COUNTIF(N$4:N$22,$F48) -> 0 | O48: =COUNTIF(O$4:O$22,$F48) -> 0
F49: 1 | G49: =COUNTIF(G$4:G$22,$F49) -> 0 | H49: =COUNTIF(H$4:H$22,$F49) -> 0 | I49: =COUNTIF(I$4:I$22,$F49) -> 0 | J49: =COUNTIF(J$4:J$22,$F49) -> 0 | K49: =COUNTIF(K$4:K$22,$F49) -> 2 | L49: =COUNTIF(L$4:L$22,$F49) -> 2 | M49: =COUNTIF(M$4:M$22,$F49) -> 6 | N49: =COUNTIF(N$4:N$22,$F49) -> 2 | O49: =COUNTIF(O$4:O$22,$F49) -> 1
F50: 2 | G50: =COUNTIF(G$4:G$22,$F50) -> 3 | H50: =COUNTIF(H$4:H$22,$F50) -> 1 | I50: =COUNTIF(I$4:I$22,$F50) -> 2 | J50: =COUNTIF(J$4:J$22,$F50) -> 1 | K50: =COUNTIF(K$4:K$22,$F50) -> 0 | L50: =COUNTIF(L$4:L$22,$F50) -> 0 | M50: =COUNTIF(M$4:M$22,$F50) -> 0 | N50: =COUNTIF(N$4:N$22,$F50) -> 3 | O50: =COUNTIF(O$4:O$22,$F50) -> 4
F51: 3 | G51: =COUNTIF(G$4:G$22,$F51) -> 0 | H51: =COUNTIF(H$4:H$22,$F51) -> 2 | I51: =COUNTIF(I$4:I$22,$F51) -> 1 | J51: =COUNTIF(J$4:J$22,$F51) -> 7 | K51: =COUNTIF(K$4:K$22,$F51) -> 3 | L51: =COUNTIF(L$4:L$22,$F51) -> 6 | M51: =COUNTIF(M$4:M$22,$F51) -> 0 | N51: =COUNTIF(N$4:N$22,$F51) -> 1 | O51: =COUNTIF(O$4:O$22,$F51) -> 1
F52: 4 | G52: =COUNTIF(G$4:G$22,$F52) -> 1 | H52: =COUNTIF(H$4:H$22,$F52) -> 0 | I52: =COUNTIF(I$4:I$22,$F52) -> 1 | J52: =COUNTIF(J$4:J$22,$F52) -> 0 | K52: =COUNTIF(K$4:K$22,$F52) -> 1 | L52: =COUNTIF(L$4:L$22,$F52) -> 1 | M52: =COUNTIF(M$4:M$22,$F52) -> 0 | N52: =COUNTIF(N$4:N$22,$F52) -> 4 | O52: =COUNTIF(O$4:O$22,$F52) -> 3
F53: 5 | G53: =COUNTIF(G$4:G$22,$F53) -> 4 | H53: =COUNTIF(H$4:H$22,$F53) -> 3 | I53: =COUNTIF(I$4:I$22,$F53) -> 4 | J53: =COUNTIF(J$4:J$22,$F53) -> 0 | K53: =COUNTIF(K$4:K$22,$F53) -> 1 | L53: =COUNTIF(L$4:L$22,$F53) -> 1 | M53: =COUNTIF(M$4:M$22,$F53) -> 1 | N53: =COUNTIF(N$4:N$22,$F53) -> 2 | O53: =COUNTIF(O$4:O$22,$F53) -> 0
F54: 6 | G54: =COUNTIF(G$4:G$22,$F54) -> 0 | H54: =COUNTIF(H$4:H$22,$F54) -> 0 | I54: =COUNTIF(I$4:I$22,$F54) -> 0 | J54: =COUNTIF(J$4:J$22,$F54) -> 3 | K54: =COUNTIF(K$4:K$22,$F54) -> 0 | L54: =COUNTIF(L$4:L$22,$F54) -> 4 | M54: =COUNTIF(M$4:M$22,$F54) -> 0 | N54: =COUNTIF(N$4:N$22,$F54) -> 0 | O54: =COUNTIF(O$4:O$22,$F54) -> 1
F55: 7 | G55: =COUNTIF(G$4:G$22,$F55) -> 1 | H55: =COUNTIF(H$4:H$22,$F55) -> 2 | I55: =COUNTIF(I$4:I$22,$F55) -> 1 | J55: =COUNTIF(J$4:J$22,$F55) -> 2 | K55: =COUNTIF(K$4:K$22,$F55) -> 0 | L55: =COUNTIF(L$4:L$22,$F55) -> 1 | M55: =COUNTIF(M$4:M$22,$F55) -> 0 | N55: =COUNTIF(N$4:N$22,$F55) -> 1 | O55: =COUNTIF(O$4:O$22,$F55) -> 1
F56: 8 | G56: =COUNTIF(G$4:G$22,$F56) -> 0 | H56: =COUNTIF(H$4:H$22,$F56) -> 0 | I56: =COUNTIF(I$4:I$22,$F56) -> 2 | J56: =COUNTIF(J$4:J$22,$F56) -> 2 | K56: =COUNTIF(K$4:K$22,$F56) -> 1 | L56: =COUNTIF(L$4:L$22,$F56) -> 0 | M56: =COUNTIF(M$4:M$22,$F56) -> 0 | N56: =COUNTIF(N$4:N$22,$F56) -> 6 | O56: =COUNTIF(O$4:O$22,$F56) -> 1
F57: 9 | G57: =COUNTIF(G$4:G$22,$F57) -> 1 | H57: =COUNTIF(H$4:H$22,$F57) -> 2 | I57: =COUNTIF(I$4:I$22,$F57) -> 3 | J57: =COUNTIF(J$4:J$22,$F57) -> 1 | K57: =COUNTIF(K$4:K$22,$F57) -> 1 | L57: =COUNTIF(L$4:L$22,$F57) -> 1 | M57: =COUNTIF(M$4:M$22,$F57) -> 0 | N57: =COUNTIF(N$4:N$22,$F57) -> 0 | O57: =COUNTIF(O$4:O$22,$F57) -> 7
C58: =0.1^6 -> 1e-06

Sheet judah israel kings
B1: REFERENCE https://www.esv.org/resources/esv-global-study-bible/chart-11-03a/
B3: King | C3: Number for reign | E3: time unit | F3: 1's column digit | H3: divisible by 5? | J3: 10's column digit
C4: Calc. | D4: stated | F4: Calc. | G4: stated | H4: Calc. | I4: stated | J4: Calc. | K4: stated | Z4: 1 | AA4: =Z4*7 -> 7 | AB4: =VALUE(RIGHT(AA4,1)) -> 7
A5: Judah | B5: Rehoboam | C5: 17 | D5: 17 | E5: years | F5: =MOD(C5,10) -> 7 | G5: =MOD(D5,10) -> 7 | H5: =IF(MOD(C5,5)=0,1,0) -> 0 | I5: =IF(MOD(D5,5)=0,1,0) -> 0 | J5: =MOD(INT(C5/10),10) -> 1 | K5: =MOD(INT(D5/10),10) -> 1 | L5: =ISODD(C5) -> TRUE | M5: =ISODD(D5) -> TRUE | Z5: 2 | AA5: =Z5*7 -> 14 | AB5: =VALUE(RIGHT(AA5,1)) -> 4
B6: Abijah/Abijam | C6: 3 | D6: 3 | E6: years | F6: =MOD(C6,10) -> 3 | G6: =MOD(D6,10) -> 3 | H6: =IF(MOD(C6,5)=0,1,0) -> 0 | I6: =IF(MOD(D6,5)=0,1,0) -> 0 | J6: =MOD(INT(C6/10),10) -> 0 | K6: =MOD(INT(D6/10),10) -> 0 | L6: =ISODD(C6) -> TRUE | M6: =ISODD(D6) -> TRUE | Z6: 3 | AA6: =Z6*7 -> 21 | AB6: =VALUE(RIGHT(AA6,1)) -> 1
B7: Asa | C7: 41 | D7: 41 | E7: years | F7: =MOD(C7,10) -> 1 | G7: =MOD(D7,10) -> 1 | H7: =IF(MOD(C7,5)=0,1,0) -> 0 | I7: =IF(MOD(D7,5)=0,1,0) -> 0 | J7: =MOD(INT(C7/10),10) -> 4 | K7: =MOD(INT(D7/10),10) -> 4 | L7: =ISODD(C7) -> TRUE | M7: =ISODD(D7) -> TRUE | U7: All | Z7: 4 | AA7: =Z7*7 -> 28 | AB7: =VALUE(RIGHT(AA7,1)) -> 8
B8: Jehoshaphat | C8: 25 | D8: 25 | E8: years | F8: =MOD(C8,10) -> 5 | G8: =MOD(D8,10) -> 5 | H8: =IF(MOD(C8,5)=0,1,0) -> 1 | I8: =IF(MOD(D8,5)=0,1,0) -> 1 | J8: =MOD(INT(C8/10),10) -> 2 | K8: =MOD(INT(D8/10),10) -> 2 | L8: =ISODD(C8) -> TRUE | M8: =ISODD(D8) -> TRUE | U8: calc. | V8: stated | Z8: 5 | AA8: =Z8*7 -> 35 | AB8: =VALUE(RIGHT(AA8,1)) -> 5
B9: Jehoram/Joram | C9: 7 | D9: 8 | E9: years | F9: =MOD(C9,10) -> 7 | G9: =MOD(D9,10) -> 8 | H9: =IF(MOD(C9,5)=0,1,0) -> 0 | I9: =IF(MOD(D9,5)=0,1,0) -> 0 | J9: =MOD(INT(C9/10),10) -> 0 | K9: =MOD(INT(D9/10),10) -> 0 | L9: =ISODD(C9) -> TRUE | M9: =ISODD(D9) -> FALSE | T9: 0 | U9: =COUNTIF($F$5:$F$43,T9) -> 2 | V9: =COUNTIF($G$5:$G$43,T9) -> 5 | Z9: 6 | AA9: =Z9*7 -> 42 | AB9: =VALUE(RIGHT(AA9,1)) -> 2
B10: Ahaziah | C10: 1 | D10: 2 | E10: years | F10: =MOD(C10,10) -> 1 | G10: =MOD(D10,10) -> 2 | H10: =IF(MOD(C10,5)=0,1,0) -> 0 | I10: =IF(MOD(D10,5)=0,1,0) -> 0 | J10: =MOD(INT(C10/10),10) -> 0 | K10: =MOD(INT(D10/10),10) -> 0 | L10: =ISODD(C10) -> TRUE | M10: =ISODD(D10) -> FALSE | T10: 1 | U10: =COUNTIF($F$5:$F$43,T10) -> 14 | V10: =COUNTIF($G$5:$G$43,T10) -> 6 | Z10: 7 | AA10: =Z10*7 -> 49 | AB10: =VALUE(RIGHT(AA10,1)) -> 9
B11: Athaliah (Q.) | C11: 6 | D11: 6 | E11: years | F11: =MOD(C11,10) -> 6 | G11: =MOD(D11,10) -> 6 | H11: =IF(MOD(C11,5)=0,1,0) -> 0 | I11: =IF(MOD(D11,5)=0,1,0) -> 0 | J11: =MOD(INT(C11/10),10) -> 0 | K11: =MOD(INT(D11/10),10) -> 0 | L11: =ISODD(C11) -> FALSE | M11: =ISODD(D11) -> FALSE | T11: 2 | U11: =COUNTIF($F$5:$F$43,T11) -> 3 | V11: =COUNTIF($G$5:$G$43,T11) -> 11 | Z11: 8 | AA11: =Z11*7 -> 56 | AB11: =VALUE(RIGHT(AA11,1)) -> 6
B12: Joash/Jehoash | C12: 39 | D12: 40 | E12: years | F12: =MOD(C12,10) -> 9 | G12: =MOD(D12,10) -> 0 | H12: =IF(MOD(C12,5)=0,1,0) -> 0 | I12: =IF(MOD(D12,5)=0,1,0) -> 1 | J12: =MOD(INT(C12/10),10) -> 3 | K12: =MOD(INT(D12/10),10) -> 4 | L12: =ISODD(C12) -> TRUE | M12: =ISODD(D12) -> FALSE | T12: 3 | U12: =COUNTIF($F$5:$F$43,T12) -> 4 | V12: =COUNTIF($G$5:$G$43,T12) -> 3 | Z12: 9 | AA12: =Z12*7 -> 63 | AB12: =VALUE(RIGHT(AA12,1)) -> 3
B13: Amaziah | C13: 29 | D13: 29 | E13: years | F13: =MOD(C13,10) -> 9 | G13: =MOD(D13,10) -> 9 | H13: =IF(MOD(C13,5)=0,1,0) -> 0 | I13: =IF(MOD(D13,5)=0,1,0) -> 0 | J13: =MOD(INT(C13/10),10) -> 2 | K13: =MOD(INT(D13/10),10) -> 2 | L13: =ISODD(C13) -> TRUE | M13: =ISODD(D13) -> TRUE | T13: 4 | U13: =COUNTIF($F$5:$F$43,T13) -> 0 | V13: =COUNTIF($G$5:$G$43,T13) -> 1 | Z13: 10 | AA13: =Z13*7 -> 70 | AB13: =VALUE(RIGHT(AA13,1)) -> 0
B14: Uzziah/Azariah | C14: 52 | D14: 52 | E14: years | F14: =MOD(C14,10) -> 2 | G14: =MOD(D14,10) -> 2 | H14: =IF(MOD(C14,5)=0,1,0) -> 0 | I14: =IF(MOD(D14,5)=0,1,0) -> 0 | J14: =MOD(INT(C14/10),10) -> 5 | K14: =MOD(INT(D14/10),10) -> 5 | L14: =ISODD(C14) -> FALSE | M14: =ISODD(D14) -> FALSE | T14: 5 | U14: =COUNTIF($F$5:$F$43,T14) -> 3 | V14: =COUNTIF($G$5:$G$43,T14) -> 2
B15: Jotham | C15: 16 | D15: 20 | E15: years | F15: =MOD(C15,10) -> 6 | G15: =MOD(D15,10) -> 0 | H15: =IF(MOD(C15,5)=0,1,0) -> 0 | I15: =IF(MOD(D15,5)=0,1,0) -> 1 | J15: =MOD(INT(C15/10),10) -> 1 | K15: =MOD(INT(D15/10),10) -> 2 | L15: =ISODD(C15) -> FALSE | M15: =ISODD(D15) -> FALSE | T15: 6 | U15: =COUNTIF($F$5:$F$43,T15) -> 5 | V15: =COUNTIF($G$5:$G$43,T15) -> 3
B16: Ahaz | C16: 16 | D16: 20 | E16: years | F16: =MOD(C16,10) -> 6 | G16: =MOD(D16,10) -> 0 | H16: =IF(MOD(C16,5)=0,1,0) -> 0 | I16: =IF(MOD(D16,5)=0,1,0) -> 1 | J16: =MOD(INT(C16/10),10) -> 1 | K16: =MOD(INT(D16/10),10) -> 2 | L16: =ISODD(C16) -> FALSE | M16: =ISODD(D16) -> FALSE | T16: 7 | U16: =COUNTIF($F$5:$F$43,T16) -> 4 | V16: =COUNTIF($G$5:$G$43,T16) -> 3
B17: Hezekiah | C17: 29 | D17: 29 | E17: years | F17: =MOD(C17,10) -> 9 | G17: =MOD(D17,10) -> 9 | H17: =IF(MOD(C17,5)=0,1,0) -> 0 | I17: =IF(MOD(D17,5)=0,1,0) -> 0 | J17: =MOD(INT(C17/10),10) -> 2 | K17: =MOD(INT(D17/10),10) -> 2 | L17: =ISODD(C17) -> TRUE | M17: =ISODD(D17) -> TRUE | T17: 8 | U17: =COUNTIF($F$5:$F$43,T17) -> 0 | V17: =COUNTIF($G$5:$G$43,T17) -> 2
B18: Manasseh | C18: 55 | D18: 55 | E18: years | F18: =MOD(C18,10) -> 5 | G18: =MOD(D18,10) -> 5 | H18: =IF(MOD(C18,5)=0,1,0) -> 1 | I18: =IF(MOD(D18,5)=0,1,0) -> 1 | J18: =MOD(INT(C18/10),10) -> 5 | K18: =MOD(INT(D18/10),10) -> 5 | L18: =ISODD(C18) -> TRUE | M18: =ISODD(D18) -> TRUE | T18: 9 | U18: =COUNTIF($F$5:$F$43,T18) -> 4 | V18: =COUNTIF($G$5:$G$43,T18) -> 3
B19: Amon | C19: 2 | D19: 2 | E19: years | F19: =MOD(C19,10) -> 2 | G19: =MOD(D19,10) -> 2 | H19: =IF(MOD(C19,5)=0,1,0) -> 0 | I19: =IF(MOD(D19,5)=0,1,0) -> 0 | J19: =MOD(INT(C19/10),10) -> 0 | K19: =MOD(INT(D19/10),10) -> 0 | L19: =ISODD(C19) -> FALSE | M19: =ISODD(D19) -> FALSE
B20: Josiah | C20: 31 | D20: 31 | E20: years | F20: =MOD(C20,10) -> 1 | G20: =MOD(D20,10) -> 1 | H20: =IF(MOD(C20,5)=0,1,0) -> 0 | I20: =IF(MOD(D20,5)=0,1,0) -> 0 | J20: =MOD(INT(C20/10),10) -> 3 | K20: =MOD(INT(D20/10),10) -> 3 | L20: =ISODD(C20) -> TRUE | M20: =ISODD(D20) -> TRUE | T20: zeros | U20: =COUNTIF(U9:U18,0) -> 2 | V20: =COUNTIF(V9:V18,0) -> 0
B21: Jehoahaz | C21: 3 | D21: 3 | E21: months | F21: =MOD(C21,10) -> 3 | G21: =MOD(D21,10) -> 3 | H21: =IF(MOD(C21,5)=0,1,0) -> 0 | I21: =IF(MOD(D21,5)=0,1,0) -> 0 | J21: =MOD(INT(C21/10),10) -> 0 | K21: =MOD(INT(D21/10),10) -> 0 | L21: =ISODD(C21) -> TRUE | M21: =ISODD(D21) -> TRUE | T21: digits used | U21: =10-U20 -> 8 | V21: =10-V20 -> 10
B22: Jehoiakim | C22: 11 | D22: 11 | E22: years | F22: =MOD(C22,10) -> 1 | G22: =MOD(D22,10) -> 1 | H22: =IF(MOD(C22,5)=0,1,0) -> 0 | I22: =IF(MOD(D22,5)=0,1,0) -> 0 | J22: =MOD(INT(C22/10),10) -> 1 | K22: =MOD(INT(D22/10),10) -> 1 | L22: =ISODD(C22) -> TRUE | M22: =ISODD(D22) -> TRUE
B23: Jehoiachin/Jeconiah | C23: 3 | D23: 3 | E23: months | F23: =MOD(C23,10) -> 3 | G23: =MOD(D23,10) -> 3 | H23: =IF(MOD(C23,5)=0,1,0) -> 0 | I23: =IF(MOD(D23,5)=0,1,0) -> 0 | J23: =MOD(INT(C23/10),10) -> 0 | K23: =MOD(INT(D23/10),10) -> 0 | L23: =ISODD(C23) -> TRUE | M23: =ISODD(D23) -> TRUE
B24: Zedekiah | C24: 11 | D24: 11 | E24: years | F24: =MOD(C24,10) -> 1 | G24: =MOD(D24,10) -> 1 | H24: =IF(MOD(C24,5)=0,1,0) -> 0 | I24: =IF(MOD(D24,5)=0,1,0) -> 0 | J24: =MOD(INT(C24/10),10) -> 1 | K24: =MOD(INT(D24/10),10) -> 1 | L24: =ISODD(C24) -> TRUE | M24: =ISODD(D24) -> TRUE
A25: Israel | B25: Jeroboam I | C25: 21 | D25: 22 | E25: years | F25: =MOD(C25,10) -> 1 | G25: =MOD(D25,10) -> 2 | H25: =IF(MOD(C25,5)=0,1,0) -> 0 | I25: =IF(MOD(D25,5)=0,1,0) -> 0 | J25: =MOD(INT(C25/10),10) -> 2 | K25: =MOD(INT(D25/10),10) -> 2 | L25: =ISODD(C25) -> TRUE | M25: =ISODD(D25) -> FALSE
B26: Nadab | C26: 1 | D26: 2 | E26: years | F26: =MOD(C26,10) -> 1 | G26: =MOD(D26,10) -> 2 | H26: =IF(MOD(C26,5)=0,1,0) -> 0 | I26: =IF(MOD(D26,5)=0,1,0) -> 0 | J26: =MOD(INT(C26/10),10) -> 0 | K26: =MOD(INT(D26/10),10) -> 0 | L26: =ISODD(C26) -> TRUE | M26: =ISODD(D26) -> FALSE
B27: Baasha | C27: 23 | D27: 24 | E27: years | F27: =MOD(C27,10) -> 3 | G27: =MOD(D27,10) -> 4 | H27: =IF(MOD(C27,5)=0,1,0) -> 0 | I27: =IF(MOD(D27,5)=0,1,0) -> 0 | J27: =MOD(INT(C27/10),10) -> 2 | K27: =MOD(INT(D27/10),10) -> 2 | L27: =ISODD(C27) -> TRUE | M27: =ISODD(D27) -> FALSE
B28: Elah | C28: 1 | D28: 2 | E28: years | F28: =MOD(C28,10) -> 1 | G28: =MOD(D28,10) -> 2 | H28: =IF(MOD(C28,5)=0,1,0) -> 0 | I28: =IF(MOD(D28,5)=0,1,0) -> 0 | J28: =MOD(INT(C28/10),10) -> 0 | K28: =MOD(INT(D28/10),10) -> 0 | L28: =ISODD(C28) -> TRUE | M28: =ISODD(D28) -> FALSE
B29: Zimri | C29: 7 | D29: 7 | E29: days | F29: =MOD(C29,10) -> 7 | G29: =MOD(D29,10) -> 7 | H29: =IF(MOD(C29,5)=0,1,0) -> 0 | I29: =IF(MOD(D29,5)=0,1,0) -> 0 | J29: =MOD(INT(C29/10),10) -> 0 | K29: =MOD(INT(D29/10),10) -> 0 | L29: =ISODD(C29) -> TRUE | M29: =ISODD(D29) -> TRUE
B30: Omri | C30: 11 | D30: 12 | E30: years | F30: =MOD(C30,10) -> 1 | G30: =MOD(D30,10) -> 2 | H30: =IF(MOD(C30,5)=0,1,0) -> 0 | I30: =IF(MOD(D30,5)=0,1,0) -> 0 | J30: =MOD(INT(C30/10),10) -> 1 | K30: =MOD(INT(D30/10),10) -> 1 | L30: =ISODD(C30) -> TRUE | M30: =ISODD(D30) -> FALSE
B31: Ahab | C31: 21 | D31: 22 | E31: years | F31: =MOD(C31,10) -> 1 | G31: =MOD(D31,10) -> 2 | H31: =IF(MOD(C31,5)=0,1,0) -> 0 | I31: =IF(MOD(D31,5)=0,1,0) -> 0 | J31: =MOD(INT(C31/10),10) -> 2 | K31: =MOD(INT(D31/10),10) -> 2 | L31: =ISODD(C31) -> TRUE | M31: =ISODD(D31) -> FALSE
B32: Ahaziah | C32: 1 | D32: 2 | E32: years | F32: =MOD(C32,10) -> 1 | G32: =MOD(D32,10) -> 2 | H32: =IF(MOD(C32,5)=0,1,0) -> 0 | I32: =IF(MOD(D32,5)=0,1,0) -> 0 | J32: =MOD(INT(C32/10),10) -> 0 | K32: =MOD(INT(D32/10),10) -> 0 | L32: =ISODD(C32) -> TRUE | M32: =ISODD(D32) -> FALSE
B33: Joram/Jehoram | C33: 11 | D33: 12 | E33: years | F33: =MOD(C33,10) -> 1 | G33: =MOD(D33,10) -> 2 | H33: =IF(MOD(C33,5)=0,1,0) -> 0 | I33: =IF(MOD(D33,5)=0,1,0) -> 0 | J33: =MOD(INT(C33/10),10) -> 1 | K33: =MOD(INT(D33/10),10) -> 1 | L33: =ISODD(C33) -> TRUE | M33: =ISODD(D33) -> FALSE
B34: Jehu | C34: 27 | D34: 28 | E34: years | F34: =MOD(C34,10) -> 7 | G34: =MOD(D34,10) -> 8 | H34: =IF(MOD(C34,5)=0,1,0) -> 0 | I34: =IF(MOD(D34,5)=0,1,0) -> 0 | J34: =MOD(INT(C34/10),10) -> 2 | K34: =MOD(INT(D34/10),10) -> 2 | L34: =ISODD(C34) -> TRUE | M34: =ISODD(D34) -> FALSE
B35: Jehoahaz | C35: 16 | D35: 17 | E35: years | F35: =MOD(C35,10) -> 6 | G35: =MOD(D35,10) -> 7 | H35: =IF(MOD(C35,5)=0,1,0) -> 0 | I35: =IF(MOD(D35,5)=0,1,0) -> 0 | J35: =MOD(INT(C35/10),10) -> 1 | K35: =MOD(INT(D35/10),10) -> 1 | L35: =ISODD(C35) -> FALSE | M35: =ISODD(D35) -> TRUE
B36: Joash/Jehoash | C36: 15 | D36: 16 | E36: years | F36: =MOD(C36,10) -> 5 | G36: =MOD(D36,10) -> 6 | H36: =IF(MOD(C36,5)=0,1,0) -> 1 | I36: =IF(MOD(D36,5)=0,1,0) -> 0 | J36: =MOD(INT(C36/10),10) -> 1 | K36: =MOD(INT(D36/10),10) -> 1 | L36: =ISODD(C36) -> TRUE | M36: =ISODD(D36) -> FALSE
B37: Jeroboam II | C37: 41 | D37: 41 | E37: years | F37: =MOD(C37,10) -> 1 | G37: =MOD(D37,10) -> 1 | H37: =IF(MOD(C37,5)=0,1,0) -> 0 | I37: =IF(MOD(D37,5)=0,1,0) -> 0 | J37: =MOD(INT(C37/10),10) -> 4 | K37: =MOD(INT(D37/10),10) -> 4 | L37: =ISODD(C37) -> TRUE | M37: =ISODD(D37) -> TRUE
... B43: Hoshea | C43: 9 | D43: 9 | E43: years | F43: =MOD(C43,10) -> 9 | G43: =MOD(D43,10) -> 9 | H43: =IF(MOD(C43,5)=0,1,0) -> 0 | I43: =IF(MOD(D43,5)=0,1,0) -> 0 | J43: =MOD(INT(C43/10),10) -> 0 | K43: =MOD(INT(D43/10),10) -> 0 | L43: =ISODD(C43) -> TRUE | M43: =ISODD(D43) -> TRUE
G45: TOTAL | H45: =(SUM(H5:H43)/39)*100 -> 12.820513 | I45: =(SUM(I5:I43)/39)*100 -> 17.948718
G46: 39 | N46: =COUNTIF(L5:L43, TRUE) -> 29 | O46: =COUNTIF(M5:M43, TRUE) -> 17
N47: =COUNTIF(L5:L43, FALSE) -> 10 | O47: =COUNTIF(M5:M43, FALSE) -> 22

Sheet SUMER
B2: Name | C2: W-B 62 | D2: W-B 444 | E2: Berossos
B3: Alulim | C3: 67200 | D3: 28800 | E3: 36000
B4: Alalgar | C4: 72000 | D4: 36000 | E4: 10800
B5: Emmenluanna | C5: 21600 | D5: 43200 | E5: 46800
B6: Emmengalanna | D6: 28800 | E6: 64800
B7: … kidunnu | C7: 72000
B8: … alimma | C8: 21600
B9: Evedoragxos | E9: 64800
B10: Ammemon | E10: 43200
B11: Dumuzi | C11: 28800 | D11: 36000 | E11: 36000
B12: Ensipazianna | C12: 36000 | D12: 28800 | E12: 36000
B13: Enmenduranna | C13: 72000 | D13: 21000
B14: Ubartutu | C14: 28800 | D14: 18600 | E14: 28800
B15: Ziusudra | C15: 36000 | E15: 64800
B16: TOTAL | C16: 457200 | D16: 241200 | E16: 432000
B17: Or | C17: 602 × [120 + 7] | D17: 602 × [60 + 7] | E17: 602 × 120
B18: Or | C18: (602 × 120) + (7 × 602) | D18: 603 + (7 × 602) | E18: 603 × 2
B19: Or | C19: 120 šar* + 7 šar | D19: 1 great šar + 7 šar | E19: 120 šar
C37: W-B 62 | F37: MT
C38: 67200 | D38: =(C38-$D$48)^2 -> 466560000 | F38: 930 | G38: =(F38-$G$48)^2 -> 5256.25
C39: 72000 | D39: =(C39-$D$48)^2 -> 696960000 | F39: 912 | G39: =(F39-$G$48)^2 -> 2970.25 | I39: 930 | J39: =(I39-$G$48)^2 -> 5256.25
C40: 21600 | D40: =(C40-$D$48)^2 -> 576000000 | F40: 905 | G40: =(F40-$G$48)^2 -> 2256.25 | I40: 912 | J40: =(I40-$G$48)^2 -> 2970.25
C41: 72000 | D41: =(C41-$D$48)^2 -> 696960000 | F41: 910 | G41: =(F41-$G$48)^2 -> 2756.25 | I41: 905 | J41: =(I41-$G$48)^2 -> 2256.25
C42: 21600 | D42: =(C42-$D$48)^2 -> 576000000 | F42: 895 | G42: =(F42-$G$48)^2 -> 1406.25 | I42: 910 | J42: =(I42-$G$48)^2 -> 2756.25
C43: 28800 | D43: =(C43-$D$48)^2 -> 282240000 | F43: 962 | G43: =(F43-$G$48)^2 -> 10920.25 | I43: 895 | J43: =(I43-$G$48)^2 -> 1406.25
C44: 36000 | D44: =(C44-$D$48)^2 -> 92160000 | F44: 365 | G44: =(F44-$G$48)^2 -> 242556.25 | I44: 962 | J44: =(I44-$G$48)^2 -> 10920.25
C45: 72000 | D45: =(C45-$D$48)^2 -> 696960000 | F45: 969 | G45: =(F45-$G$48)^2 -> 12432.25 | I45: 969 | J45: =(I45-$G$48)^2 -> 12432.25
C46: 28800 | D46: =(C46-$D$48)^2 -> 282240000 | F46: 777 | G46: =(F46-$G$48)^2 -> 6480.25 | I46: 777 | J46: =(I46-$G$48)^2 -> 6480.25
C47: 36000 | D47: =(C47-$D$48)^2 -> 92160000 | F47: 950 | G47: =(F47-$G$48)^2 -> 8556.25 | I47: 950 | J47: =(I47-$G$48)^2 -> 8556.25
C48: mean | D48: =AVERAGE(C38:C47) -> 45600 | F48: mean | G48: =AVERAGE(F38:F47) -> 857.5 | I48: mean | J48: =AVERAGE(I39:I47) -> 912.22222
C49: total variance | D49: =SUM(D38:D47) -> 4458240000 | F49: total variance | G49: =SUM(G38:G47) -> 295590.5 | I49: total variance | J49: =SUM(J39:J47) -> 53034.25
D50: =D49/(COUNT(D38:D47)) -> 445824000 | G50: =G49/(COUNT(G38:G47)) -> 29559.05 | J50: =J49/(COUNT(J39:J47)) -> 5892.6944
C51: standard deviation | D51: =D50^0.5 -> 21114.545 | F51: standard deviation | G51: =G50^0.5 -> 171.92746 | I51: standard deviation | J51: =J50^0.5 -> 76.763888
C52: Coefficient of variation | D52: =(D51/D48)*100 -> 46.303826 | F52: Coefficient of variation | G52: =(G51/G48)*100 -> 20.049849 | I52: Coefficient of variation | J52: =(J51/J48)*100 -> 8.4150425
C54: W-B 444 | F54: LXX
C55: 28800 | D55: =(C55-$D$63)^2 -> 1822500 | F55: 930 | G55: =(F55-$G$65)^2 -> 5610.01
C56: 36000 | D56: =(C56-$D$63)^2 -> 34222500 | F56: 912 | G56: =(F56-$G$65)^2 -> 3237.61 | I56: 930 | J56: =(I56-$G$65)^2 -> 5610.01
C57: 43200 | D57: =(C57-$D$63)^2 -> 170302500 | F57: 905 | G57: =(F57-$G$65)^2 -> 2490.01 | I57: 912 | J57: =(I57-$G$65)^2 -> 3237.61
C58: 28800 | D58: =(C58-$D$63)^2 -> 1822500 | F58: 910 | G58: =(F58-$G$65)^2 -> 3014.01 | I58: 905 | J58: =(I58-$G$65)^2 -> 2490.01
C59: 36000 | D59: =(C59-$D$63)^2 -> 34222500 | F59: 895 | G59: =(F59-$G$65)^2 -> 1592.01 | I59: 910 | J59: =(I59-$G$65)^2 -> 3014.01
C60: 28800 | D60: =(C60-$D$63)^2 -> 1822500 | F60: 962 | G60: =(F60-$G$65)^2 -> 11427.61 | I60: 895 | J60: =(I60-$G$65)^2 -> 1592.01
C61: 21000 | D61: =(C61-$D$63)^2 -> 83722500 | F61: 365 | G61: =(F61-$G$65)^2 -> 240198.01 | I61: 962 | J61: =(I61-$G$65)^2 -> 11427.61
C62: 18600 | D62: =(C62-$D$63)^2 -> 133402500 | F62: 969 | G62: =(F62-$G$65)^2 -> 12973.21 | I62: 969 | J62: =(I62-$G$65)^2 -> 12973.21
C63: mean | D63: =AVERAGE(C55:C62) -> 30150 | F63: 753 | G63: =(F63-$G$65)^2 -> 10424.41 | I63: 753 | J63: =(I63-$G$65)^2 -> 10424.41
C64: total variance | D64: =SUM(D55:D62) -> 461340000 | F64: 950 | G64: =(F64-$G$65)^2 -> 9006.01 | I64: 950 | J64: =(I64-$G$65)^2 -> 9006.01
D65: =D64/(COUNT(D55:D62)) -> 57667500 | F65: mean | G65: =AVERAGE(F55:F64) -> 855.1 | I65: mean | J65: =AVERAGE(I56:I64) -> 909.55556
C66: standard deviation | D66: =D65^0.5 -> 7593.912 | F66: total variance | G66: =SUM(G55:G64) -> 299972.9 | I66: total variance | J66: =SUM(J56:J64) -> 59774.89
C67: Coefficient of variation | D67: =(D66/D63)*100 -> 25.187105 | G67: =G66/(COUNT(G55:G64)) -> 29997.29 | J67: =J66/(COUNT(J56:J64)) -> 6641.6544
F68: standard deviation | G68: =G67^0.5 -> 173.19726 | I68: standard deviation | J68: =J67^0.5 -> 81.496346
F69: Coefficient of variation | G69: =(G68/G65)*100 -> 20.25462 | I69: Coefficient of variation | J69: =(J68/J65)*100 -> 8.9600185
C71: Berossos | F71: SP
C72: 36000 | D72: =(C72-$D$82)^2 -> 51840000 | F72: 930 | G72: =(F72-$G$82)^2 -> 14713.69
C73: 10800 | D73: =(C73-$D$82)^2 -> 1049760000 | F73: 912 | G73: =(F73-$G$82)^2 -> 10670.89 | I73: 930 | J73: =(I73-$G$82)^2 -> 14713.69
C74: 46800 | D74: =(C74-$D$82)^2 -> 12960000 | F74: 905 | G74: =(F74-$G$82)^2 -> 9273.69 | I74: 912 | J74: =(I74-$G$82)^2 -> 10670.89
C75: 64800 | D75: =(C75-$D$82)^2 -> 466560000 | F75: 910 | G75: =(F75-$G$82)^2 -> 10261.69 | I75: 905 | J75: =(I75-$G$82)^2 -> 9273.69
C76: 64800 | D76: =(C76-$D$82)^2 -> 466560000 | F76: 895 | G76: =(F76-$G$82)^2 -> 7447.69 | I76: 910 | J76: =(I76-$G$82)^2 -> 10261.69
C77: 43200 | D77: =(C77-$D$82)^2 -> 0 | F77: 847 | G77: =(F77-$G$82)^2 -> 1466.89 | I77: 895 | J77: =(I77-$G$82)^2 -> 7447.69
C78: 36000 | D78: =(C78-$D$82)^2 -> 51840000 | F78: 365 | G78: =(F78-$G$82)^2 -> 196869.69 | I78: 847 | J78: =(I78-$G$82)^2 -> 1466.89
C79: 36000 | D79: =(C79-$D$82)^2 -> 51840000 | F79: 720 | G79: =(F79-$G$82)^2 -> 7867.69 | I79: 720 | J79: =(I79-$G$82)^2 -> 7867.69
C80: 28800 | D80: =(C80-$D$82)^2 -> 207360000 | F80: 653 | G80: =(F80-$G$82)^2 -> 24242.49 | I80: 653 | J80: =(I80-$G$82)^2 -> 24242.49
C81: 64800 | D81: =(C81-$D$82)^2 -> 466560000 | F81: 950 | G81: =(F81-$G$82)^2 -> 19965.69 | I81: 950 | J81: =(I81-$G$82)^2 -> 19965.69
C82: mean | D82: =AVERAGE(C72:C81) -> 43200 | F82: mean | G82: =AVERAGE(F72:F81) -> 808.7 | I82: mean | J82: =AVERAGE(I73:I81) -> 858
C83: total variance | D83: =SUM(D72:D81) -> 2825280000 | F83: total variance | G83: =SUM(G72:G81) -> 302780.1 | I83: total variance | J83: =SUM(J73:J81) -> 105910.41
D84: =D83/(COUNT(D72:D81)) -> 282528000 | G84: =G83/(COUNT(G72:G81)) -> 30278.01 | J84: =J83/(COUNT(J73:J81)) -> 11767.823
C85: standard deviation | D85: =D84^0.5 -> 16808.569 | F85: standard deviation | G85: =G84^0.5 -> 174.00578 | I85: standard deviation | J85: =J84^0.5 -> 108.4796
C86: Coefficient of variation | D86: =(D85/D82)*100 -> 38.908725 | F86: Coefficient of variation | G86: =(G85/G82)*100 -> 21.516728 | I86: Coefficient of variation | J86: =(J85/J82)*100 -> 12.64331

Sheet Exponential Decay Curve
B3: Person | C3: Birth (AM) | D3: Birth (BC) | E3: Generation | G3: Lifespan
B4: Adam | C4: 0 | E4: 1 | F4: 1 | G4: 930
B5: Seth | C5: 130 | E5: 2 | F5: 2 | G5: 912
B6: Enosh | C6: 235 | E6: 3 | F6: 3 | G6: 905
B7: Cainan | C7: 325 | E7: 4 | F7: 4 | G7: 910
B8: Mahalalel | C8: 395 | E8: 5 | F8: 5 | G8: 895
B9: Jared | C9: 460 | E9: 6 | F9: 6 | G9: 962
B10: Enoch | C10: 622 | E10: 7 | F10: 7 | G10: 365
B11: Methusaleh | C11: 687 | E11: 8 | F11: 8 | G11: 969
B12: Lamech | C12: 874 | E12: 9 | F12: 9 | G12: 777
B13: Noah | C13: 1056 | D13: 2847 | E13: 1 | F13: =E13+9 -> 10 | G13: 950 | H13: =500*EXP((4-E13)/5) + 71.7 -> 982.7594
B14: Shem | C14: 1558 | D14: 2345 | E14: 2 | F14: =E14+9 -> 11 | G14: 600 | H14: =500*EXP((4-E14)/5) + 71.7 -> 817.61235
B15: Arphaxad | C15: 1658 | D15: 2245 | E15: 3 | F15: =E15+9 -> 12 | G15: 438 | H15: =500*EXP((4-E15)/5) + 71.7 -> 682.40138
B16: Salah | C16: 1693 | D16: 2210 | E16: 4 | F16: =E16+9 -> 13 | G16: 433 | H16: =500*EXP((4-E16)/5) + 71.7 -> 571.7
B17: Eber | C17: 1723 | D17: 2180 | E17: 5 | F17: =E17+9 -> 14 | G17: 464 | H17: =500*EXP((4-E17)/5) + 71.7 -> 481.06538
B18: Peleg | C18: 1757 | D18: 2146 | E18: 6 | F18: =E18+9 -> 15 | G18: 239 | H18: =500*EXP((4-E18)/5) + 71.7 -> 406.86002
B19: Reu | C19: 1787 | D19: 2116 | E19: 7 | F19: =E19+9 -> 16 | G19: 239 | H19: =500*EXP((4-E19)/5) + 71.7 -> 346.10582
B20: Serug | C20: 1819 | D20: 2084 | E20: 8 | F20: =E20+9 -> 17 | G20: 234 | H20: =500*EXP((4-E20)/5) + 71.7 -> 296.36448
B21: Nahor | C21: 1853 | D21: 2050 | E21: 9 | F21: =E21+9 -> 18 | G21: 148 | H21: =500*EXP((4-E21)/5) + 71.7 -> 255.63972
B22: Terah | C22: 1882 | D22: 2021 | E22: 10 | F22: =E22+9 -> 19 | G22: 205 | H22: =500*EXP((4-E22)/5) + 71.7 -> 222.29711
B23: Abraham | C23: 1952 | D23: 1951 | E23: 11 | F23: =E23+9 -> 20 | G23: 175 | H23: =500*EXP((4-E23)/5) + 71.7 -> 194.99848
B24: Isaac | C24: 2052 | D24: 1851 | E24: 12 | F24: =E24+9 -> 21 | G24: 180 | H24: =500*EXP((4-E24)/5) + 71.7 -> 172.64826
... B26: Levi | C26: 2200 | D26: 1697 | E26: 14 | F26: =E26+9 -> 23 | G26: 137 | H26: =500*EXP((4-E26)/5) + 71.7 -> 139.36764
B27: Kohath | C27: -- | D27: -- | E27: 15 | F27: =E27+9 -> 24 | G27: 133 | H27: =500*EXP((4-E27)/5) + 71.7 -> 127.10158
B28: Amram | C28: -- | D28: -- | E28: 16 | F28: =E28+9 -> 25 | G28: 147 | H28: =500*EXP((4-E28)/5) + 71.7 -> 117.05898
B29: Moses | C29: 2377 | D29: 1526 | E29: 17 | F29: =E29+9 -> 26 | G29: 120 | H29: =500*EXP((4-E29)/5) + 71.7 -> 108.83679
B30: Joshua | C30: -- | D30: -- | E30: 25 | F30: =E30+9 -> 34 | G30: 110 | H30: =500*EXP((4-E30)/5) + 71.7 -> 79.197788
B31: David | C31: 2931 | D31: 972 | E31: 24 | F31: =E31+9 -> 33 | G31: 70 | H31: =500*EXP((4-E31)/5) + 71.7 -> 80.857819
B32: Rehoboam | C32: 2988 | D32: 915 | E32: 26 | F32: =E32+9 -> 35 | G32: 58 | H32: =500*EXP((4-E32)/5) + 71.7 -> 77.83867
B33: Jehoshaphat | C33: 3054 | D33: 849 | E33: 29 | F33: =E33+9 -> 38 | G33: 60 | H33: =500*EXP((4-E33)/5) + 71.7 -> 75.068973
B34: Jehoram | C34: 3061 | D34: 842 | E34: 30 | F34: =E34+9 -> 39 | G34: 40 | H34: =500*EXP((4-E34)/5) + 71.7 -> 74.458282
B35: Jotham | C35: 3171 | D35: 732 | E35: 35 | F35: =E35+9 -> 44 | G35: 41 | H35: =500*EXP((4-E35)/5) + 71.7 -> 72.714715
B36: Ahaz | C36: 3187 | D36: 716 | E36: 36 | F36: =E36+9 -> 45 | G36: 36 | H36: =500*EXP((4-E36)/5) + 71.7 -> 72.530779
B37: Hezekiah | C37: 3216 | D37: 687 | E37: 37 | F37: =E37+9 -> 46 | G37: 54 | H37: =500*EXP((4-E37)/5) + 71.7 -> 72.380184
B38: Manasseh | C38: 3260 | D38: 643 | E38: 38 | F38: =E38+9 -> 47 | G38: 67 | H38: =500*EXP((4-E38)/5) + 71.7 -> 72.256888

Sheet 12600 years
B2: Adam | C2: 930
B3: Seth | C3: 912
B4: Enosh | C4: 905
B5: Kenon | C5: 910
B6: Mahalel | C6: 895
B7: Jared | C7: 962
B8: Enoch | C8: 365
B9: Methuselah | C9: 969
B10: Lamech | C10: 777
B11: Noah | C11: 950
B12: Shem | C12: 600
B13: Arpachshad | C13: 438
... B26: Amram | C26: 137
B27: Moses | C27: 120 | D27: =SUM(C2:C27) -> 12600
